timestamp,actual_load,baseline_prediction,rf_prediction,xgboost_prediction,xgboost_error
2007-10-25 13:45:00,0.3736,0.3252,0.3262733265973725,0.32243988,0.05116012082099913
2007-10-25 14:00:00,0.3224,0.3736,0.4952155976076413,0.44367853,-0.12127852807044981
2007-10-25 14:15:00,0.3988,0.3224,0.37146656868436884,0.36673725,0.03206275348663329
2007-10-25 14:30:00,0.3421333333333333,0.3988,0.5229457669236293,0.45411444,-0.1119811037699382
2007-10-25 14:45:00,0.2666666666666666,0.3421333333333333,0.4108657510791575,0.3777385,-0.11107183893521633
2007-10-25 15:00:00,0.3518666666666667,0.2666666666666666,0.3917356168965591,0.33748564,0.014381025425593108
2007-10-25 15:15:00,0.5097333333333334,0.3518666666666667,0.4311767917889408,0.38763836,0.12209497307141626
2007-10-25 15:30:00,0.4649333333333333,0.5097333333333334,0.6643965339427045,0.6386379,-0.17370456701914472
2007-10-25 15:45:00,0.3602666666666667,0.4649333333333333,0.5474752745369832,0.5675931,-0.2073264310201009
2007-10-25 16:00:00,0.3076,0.3602666666666667,0.46258756568776405,0.42912683,-0.1215268289089203
2007-10-25 16:15:00,0.2474666666666666,0.3076,0.4026688553086312,0.3457797,-0.09831302049954738
2007-10-25 16:30:00,0.7588,0.2474666666666666,0.38997607276822704,0.32428426,0.4345157444953919
2007-10-25 16:45:00,1.3817333333333333,0.7588,1.2538363709233893,1.0948386,0.2868947141011555
2007-10-25 17:00:00,1.3504,1.3817333333333333,1.3342731698988808,1.3529408,-0.002540797805786088
2007-10-25 17:15:00,0.7184,1.3504,1.2681372117055496,1.280681,-0.5622810140609741
2007-10-25 17:30:00,0.2325333333333333,0.7184,0.49149787163755504,0.49448758,-0.2619542503039043
2007-10-25 17:45:00,0.5728000000000001,0.2325333333333333,0.4251786132358912,0.37186855,0.20093144922256478
2007-10-25 18:00:00,0.7101333333333334,0.5728000000000001,1.0053467651034873,1.0283997,-0.3182663725535074
2007-10-25 18:15:00,0.5878666666666668,0.7101333333333334,0.883631390310341,0.9824969,-0.39463025058110546
2007-10-25 18:30:00,0.8622666666666666,0.5878666666666668,0.8050178679101062,0.89855385,-0.03628718159993494
2007-10-25 18:45:00,1.888,0.8622666666666666,1.1000965393613646,1.2154629,0.6725370769500731
2007-10-25 19:00:00,3.6005333333333334,1.888,1.8626863835093124,1.9986192,1.6019141345342
2007-10-25 19:15:00,1.5944,3.6005333333333334,2.8377359553081076,2.6349683,-1.0405682807922363
2007-10-25 19:30:00,1.8753333333333333,1.5944,1.7173011188203182,1.4663392,0.40899410279591875
2007-10-25 19:45:00,2.609066666666666,1.8753333333333333,2.0224524447079464,2.040203,0.5688635721842443
2007-10-25 20:00:00,2.3432000000000004,2.609066666666666,2.507524860209497,2.58922,-0.24602004699706992
2007-10-25 20:15:00,2.854,2.3432000000000004,2.3723995658394985,2.4249706,0.4290293731689454
2007-10-25 20:30:00,3.5148,2.854,2.8334790763740862,2.8662941,0.6485058544158937
2007-10-25 20:45:00,4.158266666666667,3.5148,2.926990644239305,2.973072,1.1851946146647139
2007-10-25 21:00:00,5.4872,4.158266666666667,3.590611444918275,3.659574,1.8276259681701656
2007-10-25 21:15:00,5.292533333333334,5.4872,4.264419267879918,5.3767686,-0.08423525568644141
2007-10-25 21:30:00,4.265866666666667,5.292533333333334,4.262443449484807,4.2150083,0.05085840784708662
2007-10-25 21:45:00,3.8068,4.265866666666667,3.8250791879877273,3.3500783,0.4567216556549072
2007-10-25 22:00:00,2.3097333333333334,3.8068,3.382808282627733,2.7371123,-0.4273789503733316
2007-10-25 22:15:00,1.897333333333333,2.3097333333333334,2.323738669285077,2.2149506,-0.3176172281901044
2007-10-25 22:30:00,1.7337333333333331,1.897333333333333,1.8144765416720992,1.8958111,-0.16207774759928406
2007-10-25 22:45:00,1.3228,1.7337333333333331,1.6948175344030676,1.4883533,-0.1655532524108887
2007-10-25 23:00:00,1.232,1.3228,1.2880591735257974,1.2744497,-0.0424497060775757
2007-10-25 23:15:00,1.2242666666666666,1.232,1.2636746797953764,1.2732439,-0.04897723744710292
2007-10-25 23:30:00,1.248,1.2242666666666666,1.1172705054682874,1.0843925,0.16360745239257812
2007-10-25 23:45:00,1.1225333333333334,1.248,1.225256350820922,1.1800224,-0.05748902556101476
2007-10-26 00:00:00,0.9756,1.1225333333333334,0.9495103343257935,0.72688776,0.24871223745346072
2007-10-26 00:15:00,0.5622666666666666,0.9756,0.9649739535697965,0.89073294,-0.32846627734502165
2007-10-26 00:30:00,0.4795999999999999,0.5622666666666666,0.607639497428265,0.47424433,0.005355673646926795
2007-10-26 00:45:00,0.4964,0.4795999999999999,0.49781975168993164,0.43515804,0.06124195590019227
2007-10-26 01:00:00,0.5053333333333333,0.4964,0.5100797672099234,0.44975978,0.05557355197270708
2007-10-26 01:15:00,0.4153333333333334,0.5053333333333333,0.5047904941918984,0.51179755,-0.09646421400705968
2007-10-26 01:30:00,0.5138666666666667,0.4153333333333334,0.41804794606923645,0.37774542,0.13612124692598981
2007-10-26 01:45:00,0.4985333333333333,0.5138666666666667,0.532454086817266,0.5164139,-0.017880593744913797
2007-10-26 02:00:00,0.5008,0.4985333333333333,0.5043823697708475,0.4863884,0.014411614704132103
2007-10-26 02:15:00,0.4924,0.5008,0.5043823697708475,0.49390802,-0.0015080178737640337
2007-10-26 02:30:00,0.4626666666666666,0.4924,0.5114680148242364,0.48674548,-0.02407881005605067
2007-10-26 02:45:00,0.4427999999999999,0.4626666666666666,0.4989352971049725,0.49136192,-0.04856191606521615
2007-10-26 03:00:00,0.5145333333333333,0.4427999999999999,0.4575307492844775,0.49143222,0.02310111358960465
2007-10-26 03:15:00,0.5373333333333333,0.5145333333333333,0.5139555954025602,0.52154356,0.015789770921071367
2007-10-26 03:30:00,0.4318666666666667,0.5373333333333333,0.5080256768781656,0.54702693,-0.1151602655728658
2007-10-26 03:45:00,0.5281333333333333,0.4318666666666667,0.4513257776622374,0.4275278,0.10060554803212485
2007-10-26 04:00:00,0.4318666666666667,0.5281333333333333,0.5098357724015168,0.5220419,-0.09017525018056233
2007-10-26 04:15:00,0.4465333333333333,0.4318666666666667,0.4484295583757767,0.42824984,0.018283497365315704
2007-10-26 04:30:00,0.5711999999999999,0.4465333333333333,0.5061695647965337,0.4972137,0.07398630852699273
2007-10-26 04:45:00,0.4387999999999999,0.5711999999999999,0.6791382937913771,0.61714953,-0.17834953184127816
2007-10-26 05:00:00,0.4871999999999999,0.4387999999999999,0.4729554924858403,0.53244585,-0.04524584798812875
2007-10-26 05:15:00,0.4649333333333333,0.4871999999999999,0.535536729694872,0.55730426,-0.09237092978159589
2007-10-26 05:30:00,0.7799999999999999,0.4649333333333333,0.5756663816581028,0.55730426,0.22269573688507072
2007-10-26 05:45:00,1.6193333333333333,0.7799999999999999,1.0534759665763282,1.0347055,0.5846278136571248
2007-10-26 06:00:00,1.6232,1.6193333333333333,1.9065770089531215,1.8099681,-0.18676811389923098
2007-10-26 06:15:00,2.0974666666666666,1.6232,1.8128164510263602,1.7654265,0.33204015013376864
2007-10-26 06:30:00,3.6852,2.0974666666666666,1.9837253975944,1.919579,1.765620970916748
2007-10-26 06:45:00,2.8314666666666666,3.6852,2.7422130749831943,2.547676,0.2837905802408853
2007-10-26 07:00:00,2.6168,2.8314666666666666,2.4815136374347633,2.4018052,0.21499483757019044
2007-10-26 07:15:00,2.4773333333333336,2.6168,2.371998062573517,2.1870556,0.2902777455647789
2007-10-26 07:30:00,2.8936,2.4773333333333336,2.394901703957597,2.2813332,0.6122667919158937
2007-10-26 07:45:00,2.16,2.8936,2.8409246849512044,2.5698364,-0.40983637809753404
2007-10-26 08:00:00,2.3126666666666664,2.16,1.862520373138393,1.8957703,0.4168963553110756
2007-10-26 08:15:00,2.5658666666666665,2.3126666666666664,2.158956665482253,1.9202323,0.6456343706766763
2007-10-26 08:30:00,2.0612,2.5658666666666665,2.429255197122871,2.123419,-0.06221904640197762
2007-10-26 08:45:00,1.612,2.0612,1.8588187544653973,1.848089,-0.23608897972106924
2007-10-26 09:00:00,1.453733333333333,1.612,1.6621094731692012,1.6270522,-0.1733188545862836
2007-10-26 09:15:00,1.5597333333333334,1.453733333333333,1.6208312980319546,1.685025,-0.12529164339701326
2007-10-26 09:30:00,1.5012,1.5597333333333334,1.640662939129957,1.703164,-0.20196398143768302
2007-10-26 09:45:00,1.4988,1.5012,1.593614177696775,1.6208501,-0.12205008621215829
2007-10-26 10:00:00,1.592,1.4988,1.5028953187666796,1.5334402,0.05855976772308358
2007-10-26 10:15:00,1.526,1.592,1.6930300926281145,1.6003252,-0.07432522678375242
2007-10-26 10:30:00,1.4524,1.526,1.4974257307079417,1.5128257,-0.06042572746276864
2007-10-26 10:45:00,0.5170666666666667,1.4524,1.494202800309181,1.4350954,-0.9180287627538045
2007-10-26 11:00:00,0.4717333333333333,0.5170666666666667,0.5415799011651571,0.45955944,0.012173892720540314
2007-10-26 11:15:00,0.4490666666666666,0.4717333333333333,0.5602323818415398,0.5838807,-0.13481405585606898
2007-10-26 11:30:00,0.6134666666666667,0.4490666666666666,0.5782973042120717,0.5804046,0.0330620870272319
2007-10-26 11:45:00,0.4229333333333333,0.6134666666666667,0.9453950806294266,0.85880554,-0.43587220389048265
2007-10-26 12:00:00,0.4714666666666666,0.4229333333333333,0.5122873626305915,0.4706128,0.000853872505823694
2007-10-26 12:15:00,0.5221333333333333,0.4714666666666666,0.5637698363765624,0.5734077,-0.05127437626520792
2007-10-26 12:30:00,0.4227999999999999,0.5221333333333333,0.5902650322332653,0.61684513,-0.19404513092041026
2007-10-26 12:45:00,0.5992,0.4227999999999999,0.5166217685205187,0.47672522,0.12247477931976314
2007-10-26 13:00:00,0.5054666666666666,0.5992,0.9128353167026952,0.76800215,-0.2625354857762655
2007-10-26 13:15:00,0.4536,0.5054666666666666,0.5614763911740028,0.6103295,-0.1567295087814331
2007-10-26 13:30:00,0.5189333333333334,0.4536,0.5526050180726075,0.56843424,-0.04950090510050453
2007-10-26 13:45:00,0.4882666666666667,0.5189333333333334,0.5902650322332653,0.61684513,-0.12857846425374347
2007-10-26 14:00:00,0.5010666666666667,0.4882666666666667,0.5697946428261392,0.5618238,-0.06075711863835653
2007-10-26 14:15:00,0.5944,0.5010666666666667,0.5657688773827025,0.5672602,0.027139794254303018
2007-10-26 14:30:00,0.5033333333333334,0.5944,0.8556275223657596,0.7770563,-0.2737229434649149
2007-10-26 14:45:00,0.5946666666666667,0.5033333333333334,0.5639493051699008,0.6112212,-0.016554527600606272
2007-10-26 15:00:00,0.6414666666666666,0.5946666666666667,0.829779659275896,0.73901474,-0.09754807809193933
2007-10-26 15:15:00,0.4338666666666667,0.6414666666666666,0.8308334155136593,0.79414207,-0.3602754007657369
2007-10-26 15:30:00,0.4677333333333333,0.4338666666666667,0.5198786990762023,0.50611913,-0.038385798708597874
2007-10-26 15:45:00,0.5397333333333333,0.4677333333333333,0.5680982762948465,0.57799584,-0.03826250340143844
2007-10-26 16:00:00,0.3912,0.5397333333333333,0.629446880996925,0.6713995,-0.28019947414398194
2007-10-26 16:15:00,0.4458666666666666,0.3912,0.5201894308648609,0.4703715,-0.024504847892125536
2007-10-26 16:30:00,0.4836,0.4458666666666666,0.7142728135401447,0.57595384,-0.09235384120941165
2007-10-26 16:45:00,0.3993333333333334,0.4836,0.5681858087190699,0.57936794,-0.18003460232416785
2007-10-26 17:00:00,0.5542666666666667,0.3993333333333334,0.5201894308648609,0.5116058,0.04266086746851605
2007-10-26 17:15:00,0.4476,0.5542666666666667,0.8496680007599494,0.8487819,-0.40118188371658325
2007-10-26 17:30:00,0.4681333333333333,0.4476,0.6468383588667502,0.6126225,-0.1444891661326091
2007-10-26 17:45:00,0.8285333333333332,0.4681333333333333,0.5566632880087599,0.6029935,0.22553984502156565
2007-10-26 18:00:00,0.7776,0.8285333333333332,1.1063050899613476,1.3650005,-0.5874004863739014
2007-10-26 18:15:00,1.698,0.7776,0.8920969324174323,1.0334603,0.6645397405624389
2007-10-26 18:30:00,1.7364,1.698,1.8324040908254042,1.9374493,-0.20104933605194097
2007-10-26 18:45:00,1.8356,1.7364,1.82869959463885,1.9382062,-0.10260619583129893
2007-10-26 19:00:00,3.0770666666666666,1.8356,1.8571128014404024,1.9585255,1.1185411282221476
2007-10-26 19:15:00,2.130933333333333,3.0770666666666666,2.6273886357236362,2.7247715,-0.5938381663004559
2007-10-26 19:30:00,1.1229333333333331,2.130933333333333,1.9350865326116762,2.0557694,-0.9328361101786298
2007-10-26 19:45:00,0.8450666666666666,1.1229333333333331,1.15832363844869,1.2870693,-0.4420026540120443
2007-10-26 20:00:00,0.8629333333333334,0.8450666666666666,1.0049402041613036,1.3458544,-0.4829210682551065
2007-10-26 20:15:00,0.7452000000000001,0.8629333333333334,1.0651411252628837,1.2554493,-0.5102492950439452
2007-10-26 20:30:00,0.8273333333333334,0.7452000000000001,0.9025740383190042,1.002532,-0.17519867197672523
2007-10-26 20:45:00,0.8622666666666666,0.8273333333333334,0.9140481715032422,1.017691,-0.15542434953053796
2007-10-26 21:00:00,1.374,0.8622666666666666,0.9383740269533518,1.0214373,0.35256271266937267
2007-10-26 21:15:00,2.021733333333333,1.374,1.4890125333174078,1.5442456,0.47748773263295474
2007-10-26 21:30:00,1.8857333333333333,2.021733333333333,2.125270664272241,2.2172852,-0.33155182291666674
2007-10-26 21:45:00,1.5897333333333334,1.8857333333333333,1.7916766995194928,1.8503261,-0.26059272791544585
2007-10-26 22:00:00,0.5468,1.5897333333333334,2.0062874812707547,1.5547353,-1.00793530292511
2007-10-26 22:15:00,0.4842666666666667,0.5468,0.6503627710782415,0.51545125,-0.031184585793813058
2007-10-26 22:30:00,0.5318666666666666,0.4842666666666667,0.5791629556270164,0.59836346,-0.06649679244359341
2007-10-26 22:45:00,0.5014666666666667,0.5318666666666666,0.7050683104302814,0.7328224,-0.2313557515462239
2007-10-26 23:00:00,0.4555999999999999,0.5014666666666667,0.5592300348202494,0.55815965,-0.10255964937210094
2007-10-26 23:15:00,0.4226666666666666,0.4555999999999999,0.5649446005505444,0.5842547,-0.16158801539738982
2007-10-26 23:30:00,0.5112,0.4226666666666666,0.5049302330083278,0.4948481,0.01635189766883849
2007-10-26 23:45:00,0.4631999999999999,0.5112,0.5942647119136018,0.616457,-0.15325698547363292
2007-10-27 00:00:00,0.4642666666666667,0.4631999999999999,0.5326644666331896,0.51610374,-0.05183707784016922
2007-10-27 00:15:00,0.5073333333333333,0.4642666666666667,0.520079123660373,0.51610374,-0.008770411173502635
2007-10-27 00:30:00,0.3997333333333334,0.5073333333333333,0.5253944788414605,0.5311908,-0.13145747925440465
2007-10-27 00:45:00,0.4871999999999999,0.3997333333333334,0.34900493062833926,0.38025695,0.10694304914474478
2007-10-27 01:00:00,0.4530666666666667,0.4871999999999999,0.5693072900627627,0.51365846,-0.060591797288258864
2007-10-27 01:15:00,0.4721333333333333,0.4530666666666667,0.5234504805050786,0.51365846,-0.04152513062159224
2007-10-27 01:30:00,0.5118666666666667,0.4721333333333333,0.558144661243747,0.5150655,-0.003198824532826716
2007-10-27 01:45:00,0.4264,0.5118666666666667,0.529563780061201,0.5387104,-0.11231041536331177
2007-10-27 02:00:00,0.5929333333333333,0.4264,0.41388920921371963,0.39486048,0.19807285707791644
2007-10-27 02:15:00,1.5638666666666667,0.5929333333333333,0.8374571998268239,0.6636234,0.900243274084727
2007-10-27 02:30:00,1.5181333333333331,1.5638666666666667,1.5986525027979233,1.4942931,0.023840239651997663
2007-10-27 02:45:00,0.904,1.5181333333333331,1.2805509265522914,1.1996286,-0.29562859153747556
2007-10-27 03:00:00,0.4893333333333333,0.904,0.5992153646651002,0.5560099,-0.06667655531565353
2007-10-27 03:15:00,0.4336,0.4893333333333333,0.5585465563506014,0.49160963,-0.0580096329689026
2007-10-27 03:30:00,0.4322666666666667,0.4336,0.44370097895622296,0.416243,0.01602367974917096
2007-10-27 03:45:00,0.4648,0.4322666666666667,0.4332198534792308,0.42748392,0.03731608371734618
2007-10-27 04:00:00,0.5124,0.4648,0.5240704944754804,0.5185837,-0.006183714962005649
2007-10-27 04:15:00,0.4473333333333333,0.5124,0.5492208995807206,0.5643394,-0.11700606600443525
2007-10-27 04:30:00,0.4758666666666666,0.4473333333333333,0.5617057504638346,0.5211938,-0.045327135690053366
2007-10-27 04:45:00,0.4066666666666667,0.4758666666666666,0.5225509079335553,0.5185837,-0.11191704829533894
2007-10-27 05:00:00,0.4665333333333333,0.4066666666666667,0.3677203530670855,0.40383345,0.06269988444646196
2007-10-27 05:15:00,0.4968,0.4665333333333333,0.6432006078630795,0.5543153,-0.05751532859802244
2007-10-27 05:30:00,0.4476,0.4968,0.6045814471972392,0.55310655,-0.10550654640197754
2007-10-27 05:45:00,0.5094666666666667,0.4476,0.6503659256972205,0.56199825,-0.05253158143361403
2007-10-27 06:00:00,0.4413333333333333,0.5094666666666667,0.6602094401593689,0.81119215,-0.3698588215510051
2007-10-27 06:15:00,0.4076000000000001,0.4413333333333333,0.6497067365483024,0.702896,-0.2952959989547729
2007-10-27 06:30:00,0.5404,0.4076000000000001,0.6478240166610181,0.6372415,-0.09684148273468018
2007-10-27 06:45:00,0.4585333333333333,0.5404,0.7894684195615445,0.7936944,-0.3351610436121623
2007-10-27 07:00:00,0.4714666666666666,0.4585333333333333,0.6299581160312236,0.693153,-0.221686357053121
2007-10-27 07:15:00,2.31,0.4714666666666666,0.6400873073455875,0.70674837,1.603251633644104
2007-10-27 07:30:00,1.2490666666666668,2.31,1.8383076053176968,1.7973189,-0.5482522687276203
2007-10-27 07:45:00,1.3378666666666663,1.2490666666666668,1.2758289114417598,1.2657974,0.07206929003397589
2007-10-27 08:00:00,2.5838666666666668,1.3378666666666663,1.368089727298747,1.4391291,1.1447375525156658
2007-10-27 08:15:00,3.999333333333333,2.5838666666666668,2.0986270896655346,2.167261,1.8320724480946855
2007-10-27 08:30:00,3.546266666666667,3.999333333333333,3.669803188111708,3.536137,0.010129562632243072
2007-10-27 08:45:00,2.5646666666666667,3.546266666666667,2.825899878755595,2.829476,-0.2648094514211019
2007-10-27 09:00:00,2.7412,2.5646666666666667,2.1836620148216266,1.9999348,0.7412652074813844
2007-10-27 09:15:00,2.8890666666666664,2.7412,2.439584226627381,2.2417111,0.6473555269877114
2007-10-27 09:30:00,4.5716,2.8890666666666664,2.787789674752838,2.6574886,1.9141114154815675
2007-10-27 09:45:00,4.776,4.5716,4.001424054177902,3.7803087,0.9956912765502928
2007-10-27 10:00:00,5.784400000000001,4.776,4.291444742470195,4.081585,1.7028150695800788
2007-10-27 10:15:00,3.9038666666666666,5.784400000000001,4.310754296543866,4.6697235,-0.7658568440755209
2007-10-27 10:30:00,2.8828,3.9038666666666666,3.433503929780988,3.3351839,-0.45238385887145993
2007-10-27 10:45:00,2.8670666666666667,2.8828,2.6159731957850147,2.4426644,0.4244022818247477
2007-10-27 11:00:00,4.1232,2.8670666666666667,2.816630255056376,2.560151,1.5630488998413083
2007-10-27 11:15:00,4.2780000000000005,4.1232,3.1512800286737503,3.2811105,0.9968894748687749
2007-10-27 11:30:00,4.021733333333334,4.2780000000000005,3.5455745657510174,3.3905385,0.6311948792775475
2007-10-27 11:45:00,2.43,4.021733333333334,3.2726899756468875,3.4379468,-1.0079467964172362
2007-10-27 12:00:00,1.7052,2.43,2.222744120723348,1.9866946,-0.28149457435607905
2007-10-27 12:15:00,3.5169333333333337,1.7052,1.6384499275877014,1.4854753,2.03145803159078
2007-10-27 12:30:00,3.1362666666666663,3.5169333333333337,3.113699403707059,2.6247714,0.5114953100840247
2007-10-27 12:45:00,1.8110666666666664,3.1362666666666663,2.810683609108709,2.5751328,-0.764066180165609
2007-10-27 13:00:00,1.6252,1.8110666666666664,1.8285815071159757,1.7889775,-0.16377750377655031
2007-10-27 13:15:00,3.0933333333333333,1.6252,1.8154268939803544,1.8614844,1.2318489249547322
2007-10-27 13:30:00,2.6512,3.0933333333333333,2.5629684483696313,2.5054383,0.14576167221069314
2007-10-27 13:45:00,2.132133333333333,2.6512,2.281991906611064,2.22972,-0.0975867823282881
2007-10-27 14:00:00,1.598,2.132133333333333,1.8692752722770658,1.9840449,-0.3860449094772338
2007-10-27 14:15:00,1.88,1.598,1.5736985921085653,1.5566585,0.3233414936065673
2007-10-27 14:30:00,1.310533333333333,1.88,2.0814354271563817,2.1320634,-0.8215300554911298
2007-10-27 14:45:00,1.3265333333333331,1.310533333333333,1.3846756484599232,1.4076077,-0.08107434126536073
2007-10-27 15:00:00,1.3518666666666668,1.3265333333333331,1.3984950196499284,1.4709201,-0.11905341924031565
2007-10-27 15:15:00,1.3148000000000002,1.3518666666666668,1.4066148498402553,1.4318867,-0.11708667297363262
2007-10-27 15:30:00,1.3716000000000002,1.3148000000000002,1.2744299974732896,1.4143183,-0.042718323135375824
2007-10-27 15:45:00,0.9253333333333332,1.3716000000000002,1.3412512480367973,1.3936181,-0.4682847735087078
2007-10-27 16:00:00,0.2034666666666666,0.9253333333333332,0.7277098112455654,0.80574775,-0.6022810807545981
2007-10-27 16:15:00,0.3182666666666666,0.2034666666666666,0.2423319650663559,0.28741696,0.030849701897303183
2007-10-27 16:30:00,0.2608,0.3182666666666666,0.36138106392707653,0.36835262,-0.10755262179374697
2007-10-27 16:45:00,0.2570666666666666,0.2608,0.3732150291465601,0.39925906,-0.142192393954595
2007-10-27 17:00:00,0.3370666666666667,0.2570666666666666,0.31600955141178966,0.34048104,-0.0034143761952717955
2007-10-27 17:15:00,0.2172,0.3370666666666667,0.33656763416010266,0.37680876,-0.159608762550354
2007-10-27 17:30:00,0.2446666666666666,0.2172,0.30367097371024054,0.33235896,-0.08769228967030851
2007-10-27 17:45:00,0.3028,0.2446666666666666,0.31507002374867815,0.32589912,-0.0230991241455078
2007-10-27 18:00:00,0.2771999999999999,0.3028,0.34458751519409087,0.47080687,-0.19360686688423168
2007-10-27 18:15:00,0.2501333333333334,0.2771999999999999,0.33384363892669605,0.45663783,-0.20650449620882666
2007-10-27 18:30:00,0.6744,0.2501333333333334,0.345480679863036,0.45165673,0.22274327101707458
2007-10-27 18:45:00,0.2386666666666666,0.6744,1.1791587284260303,1.3722762,-1.1336095202763876
2007-10-27 19:00:00,0.2317333333333333,0.2386666666666666,0.41086805996007925,0.42969605,-0.19796271993319198
2007-10-27 19:15:00,0.3446666666666667,0.2317333333333333,0.3738237661986322,0.3909953,-0.04632862718900044
2007-10-27 19:30:00,0.2566666666666666,0.3446666666666667,0.42280823220550345,0.44301265,-0.18634598811467495
2007-10-27 19:45:00,0.2402666666666666,0.2566666666666666,0.3451002428929004,0.41801763,-0.17775095914204922
2007-10-27 20:00:00,0.3062666666666667,0.2402666666666666,0.33384605178702637,0.37909597,-0.07282930491765338
2007-10-27 20:15:00,0.2121333333333333,0.3062666666666667,0.3461316876463063,0.41580045,-0.20366711889902753
2007-10-27 20:30:00,0.2994666666666666,0.2121333333333333,0.3156536085257005,0.3541789,-0.054712238820393944
2007-10-27 20:45:00,0.3412,0.2994666666666666,0.3328801873558082,0.40222317,-0.06102316980361938
2007-10-27 21:00:00,0.2032,0.3412,0.3642861258002052,0.41328534,-0.21008534483909608
2007-10-27 21:15:00,0.2857333333333333,0.2032,0.32309947828688107,0.3285633,-0.04282996942202255
2007-10-27 21:30:00,0.2638666666666667,0.2857333333333333,0.35192706048583744,0.38993782,-0.12607115138371783
2007-10-27 21:45:00,0.2028,0.2638666666666667,0.35659764281389833,0.4031072,-0.20030719609260558
2007-10-27 22:00:00,0.3828,0.2028,0.28717797964300484,0.23750952,0.14529048113822934
2007-10-27 22:15:00,0.2386666666666666,0.3828,0.7139313184427251,0.49008435,-0.25141768344243376
2007-10-27 22:30:00,0.2188,0.2386666666666666,0.3363196896204051,0.33653778,-0.11773777837753296
2007-10-27 22:45:00,0.3166666666666666,0.2188,0.3058410028198004,0.3093741,0.007292572657267182
2007-10-27 23:00:00,0.2301333333333333,0.3166666666666666,0.33482683567127863,0.38313934,-0.15300600873629255
2007-10-27 23:15:00,0.2981333333333333,0.2301333333333333,0.4003235731913544,0.3267706,-0.028637270323435493
2007-10-27 23:30:00,0.3147999999999999,0.2981333333333333,0.32614963668724756,0.3427128,-0.027912789773941127
2007-10-27 23:45:00,0.2202666666666666,0.3147999999999999,0.34242681470940134,0.37962383,-0.15935716365178432
2007-10-28 00:00:00,0.2455999999999999,0.2202666666666666,0.29487943905248365,0.29443863,-0.04883863034248362
2007-10-28 00:15:00,0.3065333333333333,0.2455999999999999,0.29528333080620967,0.2917155,0.014817830594380688
2007-10-28 00:30:00,0.2616,0.3065333333333333,0.30118047611450566,0.2997096,-0.038109588289260865
2007-10-28 00:45:00,0.2790666666666667,0.2616,0.29830420904397303,0.29773894,-0.018672272857030214
2007-10-28 01:00:00,0.3017333333333333,0.2790666666666667,0.30241748184404027,0.30473214,-0.0029988105456034697
2007-10-28 01:15:00,0.4445333333333333,0.3017333333333333,0.30241748184404027,0.2990991,0.14543424561818435
2007-10-28 01:30:00,0.2233333333333333,0.4445333333333333,0.7243681905824659,0.49670035,-0.2733670131365459
2007-10-28 01:45:00,0.2972,0.2233333333333333,0.29707738880195256,0.29648298,0.0007170197486877639
2007-10-28 02:00:00,0.6396,0.2972,0.30253633726487617,0.29589626,0.34370373806953425
2007-10-28 02:15:00,1.3404,0.6396,1.1581925703461966,0.98831874,0.3520812586784363
2007-10-28 02:30:00,1.3958666666666666,1.3404,1.3393004516672955,1.1945208,0.20134583555857333
2007-10-28 02:45:00,0.3228,1.3958666666666666,0.8489423798912289,0.89935154,-0.5765515372276306
2007-10-28 03:00:00,0.3022666666666666,0.3228,0.31349377025484443,0.2636675,0.038599172608057564
2007-10-28 03:15:00,0.2032,0.3022666666666666,0.29432418225044893,0.28966257,-0.08646256976127625
2007-10-28 03:30:00,0.2772,0.2032,0.20985699179430944,0.22602189,0.051178114128112795
2007-10-28 03:45:00,0.3410666666666666,0.2772,0.29777414966857096,0.29008198,0.05098468882242829
2007-10-28 04:00:00,0.2115999999999999,0.3410666666666666,0.3036988099196446,0.3077049,-0.09610489573478709
2007-10-28 04:15:00,0.2976,0.2115999999999999,0.2646953844327431,0.27837458,0.019225417470931982
2007-10-28 04:30:00,0.2477333333333333,0.2976,0.30425051451436547,0.29816452,-0.05043118335405988
2007-10-28 04:45:00,0.2034666666666666,0.2477333333333333,0.29678001347225336,0.29965377,-0.09618710187276211
2007-10-28 05:00:00,0.3262666666666666,0.2034666666666666,0.235917088538247,0.25339884,0.0728678310076395
2007-10-28 05:15:00,0.2874666666666667,0.3262666666666666,0.3130885440343678,0.29689145,-0.009424784215291304
2007-10-28 05:30:00,0.2177333333333333,0.2874666666666667,0.30509522817474094,0.3044631,-0.08672975517908735
2007-10-28 05:45:00,0.2998666666666666,0.2177333333333333,0.3020964575787504,0.29215774,0.007708927265802967
2007-10-28 06:00:00,0.2336,0.2998666666666666,0.40570613473591954,0.47245544,-0.2388554419517517
2007-10-28 06:15:00,0.2387999999999999,0.2336,0.4544025201580213,0.41474077,-0.17594077105522166
2007-10-28 06:30:00,0.3461333333333333,0.2387999999999999,0.5355691715296416,0.40740463,-0.06127129804293319
2007-10-28 06:45:00,0.2337333333333333,0.3461333333333333,0.430571227554504,0.5496859,-0.31595256210962935
2007-10-28 07:00:00,0.2401333333333333,0.2337333333333333,0.4104082178863756,0.38174018,-0.14160684930483503
2007-10-28 07:15:00,0.2855999999999999,0.2401333333333333,0.39036365789107025,0.3905018,-0.10490179719924936
2007-10-28 07:30:00,0.2261333333333333,0.2855999999999999,0.41336746805560237,0.47625744,-0.25012411009470625
2007-10-28 07:45:00,0.2578666666666666,0.2261333333333333,0.4799152792129637,0.41047722,-0.1526105543454489
2007-10-28 08:00:00,0.3484,0.2578666666666666,0.35475733438130647,0.4026204,-0.05422040495872499
2007-10-28 08:15:00,0.2413333333333333,0.3484,0.36046441505111654,0.4811889,-0.23985555998484298
2007-10-28 08:30:00,0.22,0.2413333333333333,0.440686137199798,0.44955692,-0.22955691695213318
2007-10-28 08:45:00,0.2917333333333333,0.22,0.3615148752500146,0.36965808,-0.07792474939028426
2007-10-28 09:00:00,0.2453333333333333,0.2917333333333333,0.35706149866045445,0.3598281,-0.11449478117624923
2007-10-28 09:15:00,0.2482666666666666,0.2453333333333333,0.3240711253322032,0.35247785,-0.10421118186314907
2007-10-28 09:30:00,0.3169333333333333,0.2482666666666666,0.3258729010484156,0.3462616,-0.029328257385889733
2007-10-28 09:45:00,0.7243999999999999,0.3169333333333333,0.35987138853911427,0.4852297,0.23917029919624322
2007-10-28 10:00:00,0.6321333333333333,0.7243999999999999,1.7356627634729451,1.3204889,-0.6883555964152018
2007-10-28 10:15:00,0.3105333333333333,0.6321333333333333,1.0955541945539011,0.9022961,-0.5917627925554911
2007-10-28 10:30:00,0.2293333333333333,0.3105333333333333,0.4292803341731339,0.459592,-0.23025868121782941
2007-10-28 10:45:00,0.2814666666666666,0.2293333333333333,0.38588172550929045,0.38304782,-0.10158115247090665
2007-10-28 11:00:00,0.3246666666666666,0.2814666666666666,0.39201869767594366,0.37826973,-0.053603065331777
2007-10-28 11:15:00,0.2096,0.3246666666666666,0.36004947479443655,0.34690434,-0.13730433740615844
2007-10-28 11:30:00,0.2122666666666667,0.2096,0.34450318232992744,0.31339186,-0.10112519763310748
2007-10-28 11:45:00,0.3266666666666667,0.2122666666666667,0.4205830047825424,0.26373017,0.06293649832407638
2007-10-28 12:00:00,0.2358666666666666,0.3266666666666667,0.33568613342401205,0.36058837,-0.12472170508702601
2007-10-28 12:15:00,0.7233333333333333,0.2358666666666666,0.28398586277818305,0.3499137,0.3734196468194325
2007-10-28 12:30:00,1.3586666666666667,0.7233333333333333,1.7188665753681829,1.4772193,-0.11855267651875812
2007-10-28 12:45:00,1.2681333333333331,1.3586666666666667,1.4479097917277084,1.4593358,-0.1912024706522626
2007-10-28 13:00:00,1.3037333333333334,1.2681333333333331,1.2147600412000363,1.2847971,0.018936260922749915
2007-10-28 13:15:00,0.5328,1.3037333333333334,1.3561429786711146,1.2455186,-0.7127185651779174
2007-10-28 13:30:00,0.2742666666666666,0.5328,0.7078918852064652,0.5686022,-0.29433553765614834
2007-10-28 13:45:00,0.2485333333333333,0.2742666666666666,0.3825251957856676,0.3599642,-0.11143085858027144
2007-10-28 14:00:00,0.2944,0.2485333333333333,0.3706570762049073,0.36891612,-0.0745161241054535
2007-10-28 14:15:00,0.202,0.2944,0.374423361492263,0.35664722,-0.15464722323417662
2007-10-28 14:30:00,0.2666666666666666,0.202,0.32853314752847573,0.3490238,-0.08235712250073757
2007-10-28 14:45:00,0.2984,0.2666666666666666,0.31818296337477214,0.34949923,-0.05109922561645508
2007-10-28 15:00:00,0.2636,0.2984,0.32675545428106134,0.35381454,-0.09021454229354858
2007-10-28 15:15:00,0.2733333333333333,0.2636,0.31844676639787445,0.35723782,-0.08390448252360028
2007-10-28 15:30:00,0.2713333333333333,0.2733333333333333,0.3426797156433814,0.36482802,-0.09349468700091046
2007-10-28 15:45:00,0.2066666666666666,0.2713333333333333,0.3426797156433814,0.37064508,-0.16397840936978664
2007-10-28 16:00:00,0.2737333333333333,0.2066666666666666,0.2974175623010208,0.3092547,-0.035521372572581034
2007-10-28 16:15:00,0.3154666666666667,0.2737333333333333,0.30512531830478434,0.30618617,0.009280497280756639
2007-10-28 16:30:00,0.2316,0.3154666666666667,0.31391470079253664,0.34157103,-0.10997103300094604
2007-10-28 16:45:00,0.268,0.2316,0.30708653336461766,0.3122572,-0.04425720047950743
2007-10-28 17:00:00,0.2616,0.268,0.3303812456331665,0.3288793,-0.06727929677963257
2007-10-28 17:15:00,0.2198666666666666,0.2616,0.3231126857223658,0.34444916,-0.12458249581654873
2007-10-28 17:30:00,0.2546666666666666,0.2198666666666666,0.2596160966222354,0.3031126,-0.048445929606755644
2007-10-28 17:45:00,0.6624,0.2546666666666666,0.33589015022024965,0.3048148,0.35758521428108214
2007-10-28 18:00:00,0.3368,0.6624,1.1588906591322863,1.2807853,-0.9439853221893311
2007-10-28 18:15:00,0.2568,0.3368,0.42028369963266543,0.47633407,-0.21953406519889834
2007-10-28 18:30:00,0.2549333333333333,0.2568,0.4106262012262066,0.40606785,-0.15113451487223312
2007-10-28 18:45:00,0.2485333333333333,0.2549333333333333,0.3835335214922187,0.44457203,-0.19603869816462202
2007-10-28 19:00:00,0.2716,0.2485333333333333,0.33189981878109615,0.34980622,-0.07820621933937072
2007-10-28 19:15:00,0.2901333333333333,0.2716,0.3180197401834694,0.33530596,-0.04517262565294905
2007-10-28 19:30:00,0.2332,0.2901333333333333,0.32614963668724756,0.36161268,-0.12841267757415772
2007-10-28 19:45:00,0.2430666666666666,0.2332,0.32302555877678685,0.3342353,-0.0911686438878378
2007-10-28 20:00:00,0.2521333333333333,0.2430666666666666,0.32110369796614224,0.31421494,-0.06208161150614422
2007-10-28 20:15:00,0.2341333333333333,0.2521333333333333,0.3231268020997882,0.3358513,-0.10171797835032148
2007-10-28 20:30:00,0.3102666666666666,0.2341333333333333,0.2567277039855547,0.27285126,0.037415408150354934
2007-10-28 20:45:00,0.2777333333333333,0.3102666666666666,0.32530721167324184,0.34507218,-0.06733884669939683
2007-10-28 21:00:00,0.2246666666666666,0.2777333333333333,0.3304330979307927,0.35590282,-0.13123615415891018
2007-10-28 21:15:00,0.2493333333333333,0.2246666666666666,0.3143802289844511,0.31288737,-0.06355403725306197
2007-10-28 21:30:00,0.2792,0.2493333333333333,0.32159328996933856,0.3309945,-0.05179448680877685
2007-10-28 21:45:00,0.2141333333333333,0.2792,0.3218698214081905,0.34976086,-0.13562752687136337
2007-10-28 22:00:00,0.3413333333333333,0.2141333333333333,0.26979233414749976,0.24351671,0.09781661995251972
2007-10-28 22:15:00,0.3332,0.3413333333333333,0.3506310715572895,0.33846402,-0.005264021682739262
2007-10-28 22:30:00,0.2093333333333333,0.3332,0.3569745042573222,0.3549432,-0.1456098527113597
2007-10-28 22:45:00,0.2613333333333333,0.2093333333333333,0.2853868680703612,0.28015766,-0.018824322144190497
2007-10-28 23:00:00,0.3064,0.2613333333333333,0.3315628496272906,0.33945838,-0.033058376169204706
2007-10-28 23:15:00,0.2412,0.3064,0.33426846165875945,0.34309834,-0.10189834241867066
2007-10-28 23:30:00,1.046266666666667,0.2412,0.36340372525294734,0.30317277,0.7430938995043439
2007-10-28 23:45:00,1.4150666666666667,1.046266666666667,1.757402614893393,1.4606075,-0.04554086201985674
2007-10-29 00:00:00,1.2989333333333335,1.4150666666666667,1.0130679794099764,1.070341,0.22859234231313086
2007-10-29 00:15:00,1.2658666666666667,1.2989333333333335,0.9129149875787234,0.7935698,0.47229686342875166
2007-10-29 00:30:00,0.2881333333333333,1.2658666666666667,0.9164085438157227,0.87105316,-0.5829198259035746
2007-10-29 00:45:00,0.2649333333333333,0.2881333333333333,0.28435625443022716,0.2023761,0.0625572358926137
2007-10-29 01:00:00,0.2761333333333333,0.2649333333333333,0.28194456116303923,0.2705995,0.005533819087346348
2007-10-29 01:15:00,0.2782666666666666,0.2761333333333333,0.28663551307385804,0.26026598,0.01800069047609959
2007-10-29 01:30:00,0.2067999999999999,0.2782666666666666,0.28946398400129014,0.2746728,-0.06787280626297007
2007-10-29 01:45:00,0.2792,0.2067999999999999,0.25571256780923335,0.23791063,0.04128937168121338
2007-10-29 02:00:00,0.2768,0.2792,0.30741991694129117,0.28883305,-0.012033051919937143
2007-10-29 02:15:00,0.2813333333333333,0.2768,0.29895422525126136,0.2924021,-0.011068755308787037
2007-10-29 02:30:00,0.2898666666666666,0.2813333333333333,0.30287082033898066,0.29517373,-0.005307067759831807
2007-10-29 02:45:00,0.2613333333333333,0.2898666666666666,0.2960651841407122,0.300148,-0.038814676920572944
2007-10-29 03:00:00,0.2095999999999999,0.2613333333333333,0.2939355529463388,0.29201344,-0.08241343655586253
2007-10-29 03:15:00,0.2965333333333333,0.2095999999999999,0.27986319243839014,0.26227584,0.03425748852094013
2007-10-29 03:30:00,0.2821333333333333,0.2965333333333333,0.2809959359204052,0.2761626,0.00597073877652482
2007-10-29 03:45:00,0.2505333333333333,0.2821333333333333,0.29658120038882607,0.28951427,-0.0389809400717418
2007-10-29 04:00:00,0.2977333333333333,0.2505333333333333,0.29823311366041283,0.29040825,0.007325079663594525
2007-10-29 04:15:00,0.2524,0.2977333333333333,0.2781269546037867,0.27724248,-0.024842481708526598
2007-10-29 04:30:00,0.2055999999999999,0.2524,0.2925763541778923,0.2927355,-0.08713548722267161
2007-10-29 04:45:00,0.294,0.2055999999999999,0.25328459326340924,0.22838442,0.06561557972431181
2007-10-29 05:00:00,0.3041333333333333,0.294,0.31801350563513986,0.2721764,0.03195691860516864
2007-10-29 05:15:00,0.2229333333333333,0.3041333333333333,0.29874293047141276,0.2950505,-0.072117168490092
2007-10-29 05:30:00,0.2969333333333333,0.2229333333333333,0.28922143919376686,0.2706149,0.026318441088994338
2007-10-29 05:45:00,0.2461333333333333,0.2969333333333333,0.28895152531002694,0.28825787,-0.04212453376452133
2007-10-29 06:00:00,0.2112,0.2461333333333333,0.6247213005762575,0.594994,-0.3837940085411072
2007-10-29 06:15:00,0.2881333333333333,0.2112,0.4121481817532203,0.41604063,-0.12790729581514998
2007-10-29 06:30:00,0.3156,0.2881333333333333,0.5289342316532596,0.5206203,-0.20502028646469117
2007-10-29 06:45:00,0.2208,0.3156,0.49022435161103933,0.5660572,-0.3452572052001953
2007-10-29 07:00:00,0.2822666666666666,0.2208,0.4583835237001588,0.46756226,-0.18529559157689418
2007-10-29 07:15:00,0.2470666666666666,0.2822666666666666,0.4193964894425401,0.5144529,-0.26738620799382534
2007-10-29 07:30:00,0.2338666666666666,0.2470666666666666,0.4141641742290675,0.48700428,-0.2531376134236654
2007-10-29 07:45:00,0.2855999999999999,0.2338666666666666,0.40079956121854293,0.44071624,-0.15511623682975778
2007-10-29 08:00:00,0.2970666666666667,0.2855999999999999,0.3290551986445955,0.37751725,-0.08045058649380998
2007-10-29 08:15:00,0.2346666666666667,0.2970666666666667,0.3291831841017755,0.3894478,-0.15478114159901935
2007-10-29 08:30:00,0.2546666666666667,0.2346666666666667,0.33159459542972974,0.3609698,-0.10630314501126603
2007-10-29 08:45:00,0.2468,0.2546666666666667,0.3563188561276555,0.35684773,-0.11004773325920106
2007-10-29 09:00:00,0.2337333333333333,0.2468,0.3071994775944966,0.29024076,-0.05650743128458663
2007-10-29 09:15:00,0.2945333333333333,0.2337333333333333,0.25537101922736627,0.24773024,0.04680309310754138
2007-10-29 09:30:00,0.2722666666666666,0.2945333333333333,0.3072541524557801,0.29414287,-0.02187620542844143
2007-10-29 09:45:00,0.2316,0.2722666666666666,0.31481585279813074,0.29907033,-0.0674703284740448
2007-10-29 10:00:00,0.2481333333333333,0.2316,0.3137943520485146,0.30297986,-0.05484652339617416
2007-10-29 10:15:00,0.2461333333333333,0.2481333333333333,0.31837364922917233,0.30604187,-0.059908533207575526
2007-10-29 10:30:00,0.3230666666666666,0.2461333333333333,0.39470796712667605,0.2797616,0.04330505425135289
2007-10-29 10:45:00,1.3657333333333337,0.3230666666666666,0.3120085469368465,0.31865042,1.0470829088528955
2007-10-29 11:00:00,1.294266666666667,1.3657333333333337,1.3293703953013443,1.3317144,-0.037447725041707125
2007-10-29 11:15:00,1.2934666666666668,1.294266666666667,1.1153280698375903,1.1080042,0.1854624542872112
2007-10-29 11:30:00,0.9689333333333334,1.2934666666666668,1.1745139782320373,1.1372887,-0.16835535628000886
2007-10-29 11:45:00,0.2612,0.9689333333333334,0.5951150951949795,0.7355604,-0.474360417175293
2007-10-29 12:00:00,0.2345333333333333,0.2612,0.36891952099383474,0.2919437,-0.05741036578814193
2007-10-29 12:15:00,0.3156,0.2345333333333333,0.3322838919214759,0.27429762,0.04130237517356872
2007-10-29 12:30:00,0.2788,0.3156,0.3622398203241056,0.31949475,-0.040694754076004036
2007-10-29 12:45:00,0.2133333333333333,0.2788,0.34350500120415606,0.32574657,-0.11241323272387191
2007-10-29 13:00:00,0.2481333333333333,0.2133333333333333,0.3211222461811733,0.27924186,-0.031108526579539025
2007-10-29 13:15:00,0.29,0.2481333333333333,0.3258223354628393,0.3006212,-0.010621211528778096
2007-10-29 13:30:00,0.2317333333333333,0.29,0.30664935566614493,0.29994467,-0.06821133567492171
2007-10-29 13:45:00,0.2958666666666666,0.2317333333333333,0.25983776400057323,0.26810864,0.027758030525843247
2007-10-29 14:00:00,0.2994666666666666,0.2958666666666666,0.3113179985664555,0.28870177,0.010764893976847267
2007-10-29 14:15:00,0.2129333333333333,0.2994666666666666,0.3285165506379032,0.31310213,-0.10016879278818769
2007-10-29 14:30:00,0.2564,0.2129333333333333,0.2932739617171409,0.25708374,-0.0006837438106536697
2007-10-29 14:45:00,0.3001333333333333,0.2564,0.31130192666970596,0.28728604,0.01284729016621905
2007-10-29 15:00:00,0.2622666666666666,0.3001333333333333,0.31322415242214563,0.29499325,-0.03272658489545194
2007-10-29 15:15:00,0.2716,0.2622666666666666,0.30530761230844183,0.2921982,-0.02059821095466613
2007-10-29 15:30:00,0.2996,0.2716,0.32724360951181297,0.3082189,-0.008618896389007591
2007-10-29 15:45:00,0.2069333333333333,0.2996,0.3285165506379032,0.31310213,-0.1061687927881877
2007-10-29 16:00:00,0.2453333333333333,0.2069333333333333,0.28943857739613815,0.24908297,-0.003749634305636129
2007-10-29 16:15:00,0.3054666666666666,0.2453333333333333,0.3080822779064622,0.27583557,0.029631092993418318
2007-10-29 16:30:00,0.2794666666666667,0.3054666666666666,0.3113179985664555,0.29499325,-0.015526584895451834
2007-10-29 16:45:00,0.2521333333333333,0.2794666666666667,0.31119001310927547,0.28980604,-0.03767270480791729
2007-10-29 17:00:00,0.2946666666666667,0.2521333333333333,0.3299313099732513,0.3283113,-0.033644627650578796
2007-10-29 17:15:00,0.2021333333333333,0.2946666666666667,0.3357445259205011,0.33206043,-0.12992709314028425
2007-10-29 17:30:00,0.4318666666666667,0.2021333333333333,0.2828486046797894,0.26216602,0.16970064341227215
2007-10-29 17:45:00,0.3302666666666666,0.4318666666666667,0.6200487649742215,0.56322634,-0.2329596755345663
2007-10-29 18:00:00,0.2625333333333333,0.3302666666666666,0.3967641152852169,0.48753738,-0.22500405069986984
2007-10-29 18:15:00,0.2710666666666667,0.2625333333333333,0.3394833780407422,0.4069028,-0.1358361234029134
2007-10-29 18:30:00,0.2637333333333333,0.2710666666666667,0.37765794939274,0.4154674,-0.15173407794634503
2007-10-29 18:45:00,0.2009333333333333,0.2637333333333333,0.3323497544410114,0.41506264,-0.21412930280367537
2007-10-29 19:00:00,0.2698666666666666,0.2009333333333333,0.3349001720083569,0.31036478,-0.040498116143544594
2007-10-29 19:15:00,0.2988,0.2698666666666666,0.3147955027728414,0.36591348,-0.0671134805202484
2007-10-29 19:30:00,0.2513333333333333,0.2988,0.3240046385979866,0.38016754,-0.12883421055475874
2007-10-29 19:45:00,0.2568,0.2513333333333333,0.321770693496525,0.35628268,-0.09948268122673037
2007-10-29 20:00:00,0.2662666666666666,0.2568,0.3275509391421568,0.36899397,-0.10272730110486356
2007-10-29 20:15:00,0.2288,0.2662666666666666,0.3275509391421568,0.35368764,-0.12488764400482177
2007-10-29 20:30:00,0.2368,0.2288,0.3008878495853381,0.34364015,-0.10684014863967894
2007-10-29 20:45:00,0.3241333333333333,0.2368,0.29836509490853663,0.33227268,-0.008139345280329446
2007-10-29 21:00:00,0.2522666666666667,0.3241333333333333,0.3395242890124408,0.37067482,-0.11840815208752947
2007-10-29 21:15:00,0.2312,0.2522666666666667,0.32758118373667294,0.354567,-0.12336699132919313
2007-10-29 21:30:00,0.2738666666666666,0.2312,0.3160217262951984,0.33449355,-0.06062688101132718
2007-10-29 21:45:00,0.4196,0.2738666666666666,0.3315628496272906,0.37823138,0.04136862359046933
2007-10-29 22:00:00,1.282,0.4196,0.4991718292386615,0.48659655,0.7954034454822541
2007-10-29 22:15:00,1.4090666666666667,1.282,1.3362745562832459,1.294044,0.11502264887491864
2007-10-29 22:30:00,1.3101333333333334,1.4090666666666667,1.3384902494363207,1.3216094,-0.011476044527689577
2007-10-29 22:45:00,0.74,1.3101333333333334,1.1049972982524598,1.1821694,-0.4421694374084473
2007-10-29 23:00:00,0.2922666666666667,0.74,0.5570022092606846,0.48917106,-0.19690439127286274
2007-10-29 23:15:00,0.232,0.2922666666666667,0.3857986084967156,0.31512457,-0.08312457132339476
2007-10-29 23:30:00,0.2376,0.232,0.3976088105940848,0.29823935,-0.060639350318908686
2007-10-29 23:45:00,0.3642666666666667,0.2376,0.3614549366893036,0.3189108,0.04535585929552716
2007-10-30 00:00:00,0.2294666666666666,0.3642666666666667,0.3117290870213381,0.31806022,-0.08859355262120572
2007-10-30 00:15:00,0.2212,0.2294666666666666,0.291550728819862,0.28455508,-0.0633550775527954
2007-10-30 00:30:00,0.3292,0.2212,0.28962403934401393,0.27781746,0.051382542085647576
2007-10-30 00:45:00,0.2014666666666666,0.3292,0.2952841382925065,0.2914719,-0.09000523188908902
2007-10-30 01:00:00,0.2529333333333333,0.2014666666666666,0.23666117468820794,0.23639031,0.01654302578767136
2007-10-30 01:15:00,0.3552,0.2529333333333333,0.2673411202810406,0.27024043,0.08495957393646242
2007-10-30 01:30:00,0.2038666666666666,0.3552,0.3087250672600719,0.31440938,-0.11054270852406825
2007-10-30 01:45:00,0.2270666666666666,0.2038666666666666,0.22016355723126796,0.22856224,-0.0014955691655477443
2007-10-30 02:00:00,0.3217333333333333,0.2270666666666666,0.3042048346002644,0.28066152,0.04107180999120075
2007-10-30 02:15:00,0.2094666666666666,0.3217333333333333,0.2952841382925065,0.2914719,-0.08200523188908901
2007-10-30 02:30:00,0.2782666666666666,0.2094666666666666,0.22869391713539705,0.23312,0.045146672264734844
2007-10-30 02:45:00,0.3370666666666667,0.2782666666666666,0.3021224208418271,0.28951377,0.0475528999010722
2007-10-30 03:00:00,0.2065333333333333,0.3370666666666667,0.2965211440220411,0.2942111,-0.08767775627772018
2007-10-30 03:15:00,0.2347999999999999,0.2065333333333333,0.23505645914997142,0.23268405,0.002115953969955342
2007-10-30 03:30:00,0.3126666666666667,0.2347999999999999,0.29899906968176054,0.27827162,0.0343950511614482
2007-10-30 03:45:00,0.2067999999999999,0.3126666666666667,0.2952841382925065,0.2901536,-0.08335359282493601
2007-10-30 04:00:00,0.3205333333333333,0.2067999999999999,0.22570503154065386,0.2123112,0.10822213998635605
2007-10-30 04:15:00,0.2937333333333333,0.3205333333333333,0.30453087583074206,0.29155636,0.002176974995930947
2007-10-30 04:30:00,0.2034666666666666,0.2937333333333333,0.2991463910080313,0.2857377,-0.08227102664311733
2007-10-30 04:45:00,0.2529333333333333,0.2034666666666666,0.24811541420735406,0.22765954,0.02527379494508103
2007-10-30 05:00:00,0.2886666666666667,0.2529333333333333,0.30510871726966704,0.2939308,-0.00526413210233051
2007-10-30 05:15:00,0.2137333333333333,0.2886666666666667,0.29938911054103995,0.29325008,-0.07951675059000654
2007-10-30 05:30:00,0.3141333333333333,0.2137333333333333,0.2255026177110574,0.23044136,0.08369197166760761
2007-10-30 05:45:00,0.288,0.3141333333333333,0.2974937016106541,0.29514208,-0.007142084360122702
2007-10-30 06:00:00,0.2037333333333333,0.288,0.6266600433461976,0.5947192,-0.39098583819071453
2007-10-30 06:15:00,0.2513333333333333,0.2037333333333333,0.47036915406708013,0.44359928,-0.19226595036188765
2007-10-30 06:30:00,0.2937333333333333,0.2513333333333333,0.48577698746259285,0.5413825,-0.24764915825525924
2007-10-30 06:45:00,0.2706666666666666,0.2937333333333333,0.5438624052393282,0.54588264,-0.2752159756024679
2007-10-30 07:00:00,0.2893333333333333,0.2706666666666666,0.4440264593091896,0.48715162,-0.19781828943888352
2007-10-30 07:15:00,0.2949333333333333,0.2893333333333333,0.41978419458550514,0.5348014,-0.23986809021631877
2007-10-30 07:30:00,0.2176,0.2949333333333333,0.42378044314278,0.5307109,-0.3131108759880066
2007-10-30 07:45:00,0.2309333333333333,0.2176,0.39343569842158305,0.51791674,-0.28698340565363567
2007-10-30 08:00:00,0.2935999999999999,0.2309333333333333,0.33120291426194237,0.36213475,-0.06853475465774544
2007-10-30 08:15:00,0.2758666666666666,0.2935999999999999,0.3291831841017755,0.38347208,-0.10760541833241788
2007-10-30 08:30:00,0.2446666666666666,0.2758666666666666,0.32475864543315325,0.37016577,-0.12549909861882536
2007-10-30 08:45:00,0.2922666666666667,0.2446666666666666,0.3310164342121016,0.3716459,-0.07937923096021016
2007-10-30 09:00:00,1.2476,0.2922666666666667,0.332030476766328,0.31334844,0.9342515576839447
2007-10-30 09:15:00,1.2492,1.2476,1.2677482681012315,1.2714971,-0.022297130393981845
2007-10-30 09:30:00,1.3286666666666669,1.2492,1.1054562354736754,1.0393416,0.2893250977198285
2007-10-30 09:45:00,1.1277333333333333,1.3286666666666669,1.254413708156034,1.2308552,-0.10312189318339038
2007-10-30 10:00:00,0.2116,1.1277333333333333,0.8992363991925687,0.859565,-0.6479650196075439
2007-10-30 10:15:00,0.292,0.2116,0.2519958520507639,0.24961187,0.04238813054561613
2007-10-30 10:30:00,0.2336,0.292,0.3538779356567405,0.278578,-0.0449780131816864
2007-10-30 10:45:00,0.2036,0.2336,0.3464655514034807,0.2748482,-0.07124819293022155
2007-10-30 11:00:00,0.2962666666666667,0.2036,0.24142655969906276,0.21224126,0.08402540446917217
2007-10-30 11:15:00,0.312,0.2962666666666667,0.3210467285679558,0.31506968,-0.003069675445556641
2007-10-30 11:30:00,0.2065333333333333,0.312,0.32797641563963376,0.33184275,-0.12530941697756454
2007-10-30 11:45:00,0.3194666666666667,0.2065333333333333,0.313158355994365,0.2729131,0.04655356833140056
2007-10-30 12:00:00,0.23,0.3194666666666667,0.3276741256238974,0.32072908,-0.0907290768623352
2007-10-30 12:15:00,1.1141333333333334,0.23,0.31191200039555306,0.27591798,0.8382153562386832
2007-10-30 12:30:00,2.1394666666666664,1.1141333333333334,1.3298216929302271,1.302561,0.8369056219736732
2007-10-30 12:45:00,2.0796,2.1394666666666664,2.0104931436432136,1.89741,0.1821899648666383
2007-10-30 13:00:00,2.174,2.0796,1.9957065967448173,1.8220087,0.35199127101898187
2007-10-30 13:15:00,5.8208,2.174,1.9636645741531837,1.8273503,3.9934497411727907
2007-10-30 13:30:00,3.353733333333333,5.8208,3.950114083577533,4.11158,-0.7578465616861982
2007-10-30 13:45:00,1.4592,3.353733333333333,2.665700722955034,2.3288465,-0.8696464546203613
2007-10-30 14:00:00,1.4681333333333333,1.4592,1.587193480410757,1.3999187,0.06821465791066483
2007-10-30 14:15:00,1.2877333333333332,1.4681333333333333,1.8430464762795296,1.5776259,-0.2898925373713177
2007-10-30 14:30:00,1.3198666666666667,1.2877333333333332,1.3190467983554215,1.3038061,0.01606060015360522
2007-10-30 14:45:00,1.3810666666666669,1.3198666666666667,1.3479417892276973,1.3620079,0.019058810297648332
2007-10-30 15:00:00,1.28,1.3810666666666669,1.3501096426330228,1.5221059,-0.24210593223571775
2007-10-30 15:15:00,1.393333333333333,1.28,1.20151347312186,1.1897035,0.20362986882527645
2007-10-30 15:30:00,1.3866666666666667,1.393333333333333,1.3233451554284579,1.2928027,0.09386397520701095
2007-10-30 15:45:00,1.1893333333333334,1.3866666666666667,1.344757587314827,1.3265204,-0.13718710962931313
2007-10-30 16:00:00,0.2410666666666666,1.1893333333333334,1.0873600790252365,0.9692011,-0.7281344212849936
2007-10-30 16:15:00,0.3018666666666666,0.2410666666666666,0.37334930798204824,0.23766698,0.0641996872345606
2007-10-30 16:30:00,0.2585333333333333,0.3018666666666666,0.3648105456890957,0.30303797,-0.04450463792483017
2007-10-30 16:45:00,0.2612,0.2585333333333333,0.37259829294541374,0.3066093,-0.045409302759170544
2007-10-30 17:00:00,0.3028,0.2612,0.31600955141178966,0.2734432,0.029356807756423964
2007-10-30 17:15:00,0.2053333333333333,0.3028,0.3357445259205011,0.33590093,-0.13056759921709699
2007-10-30 17:30:00,0.2386666666666666,0.2053333333333333,0.27765830403096875,0.26215523,-0.023488568147023575
2007-10-30 17:45:00,0.3152,0.2386666666666666,0.3027364054337215,0.30351838,0.01168161530494688
2007-10-30 18:00:00,0.2596,0.3152,0.32684018505763857,0.40282944,-0.14322943844795227
2007-10-30 18:15:00,0.2290666666666667,0.2596,0.31988975602752195,0.38813996,-0.15907329648335772
2007-10-30 18:30:00,0.296,0.2290666666666667,0.3177141968694707,0.37585756,-0.07985756182670595
2007-10-30 18:45:00,0.2130666666666666,0.296,0.3378569645255302,0.42500803,-0.21194136207898465
2007-10-30 19:00:00,0.2213333333333333,0.2130666666666666,0.2917063382598529,0.31550792,-0.0941745852629344
2007-10-30 19:15:00,0.3592,0.2213333333333333,0.2746605306598089,0.32016248,0.03903752489089968
2007-10-30 19:30:00,0.2345333333333333,0.3592,0.46102111178957567,0.45971736,-0.22518402978579208
2007-10-30 19:45:00,0.2149333333333333,0.2345333333333333,0.3160281068909007,0.34037134,-0.12543800717989606
2007-10-30 20:00:00,0.2973333333333333,0.2149333333333333,0.301172547072569,0.32186896,-0.024535622755686493
2007-10-30 20:15:00,0.2317333333333333,0.2973333333333333,0.3378569645255302,0.38088566,-0.14915232731501266
2007-10-30 20:30:00,0.2264,0.2317333333333333,0.26951518745543124,0.31589732,-0.08949731574058534
2007-10-30 20:45:00,0.3541333333333333,0.2264,0.2721681703115225,0.30353796,0.050595368512471484
2007-10-30 21:00:00,0.2444,0.3541333333333333,0.41058564763198047,0.40692568,-0.16252567825317382
2007-10-30 21:15:00,0.2084,0.2444,0.32957284245558405,0.34680542,-0.13840542349815368
2007-10-30 21:30:00,0.3058666666666667,0.2084,0.29064422778114063,0.30814075,-0.0022740880330403557
2007-10-30 21:45:00,0.2434666666666666,0.3058666666666667,0.3356692606852844,0.38121742,-0.13775075343449916
2007-10-30 22:00:00,0.2642666666666666,0.2434666666666666,0.3121795380864772,0.3308794,-0.06661272357304898
2007-10-30 22:15:00,0.3212,0.2642666666666666,0.3340612489736086,0.3782161,-0.057016087818145766
2007-10-30 22:30:00,0.2434666666666666,0.3212,0.35026429138588455,0.37441134,-0.13094467786153163
2007-10-30 22:45:00,0.2086666666666666,0.2434666666666666,0.3410521531305728,0.34588727,-0.13722060688336696
2007-10-30 23:00:00,0.3070666666666666,0.2086666666666666,0.3057273000443412,0.37242573,-0.06535906833012906
2007-10-30 23:15:00,0.2496,0.3070666666666666,0.3356692606852844,0.3473218,-0.0977218083381653
2007-10-30 23:30:00,0.2775999999999999,0.2496,0.39990274914217766,0.32099557,-0.043395569229126074
2007-10-30 23:45:00,0.3048,0.2775999999999999,0.32222299782926983,0.3168467,-0.012046698522567734
2007-10-31 00:00:00,0.2430666666666666,0.3048,0.2960651841407122,0.30066133,-0.057594658788045316
2007-10-31 00:15:00,0.5474666666666667,0.2430666666666666,0.29221388938937903,0.28592518,0.26154148694674173
2007-10-31 00:30:00,1.38,0.5474666666666667,0.8663810422999043,0.8389082,0.5410918045043944
2007-10-31 00:45:00,1.3358666666666668,1.38,1.3963457859082686,1.2236632,0.11220345579783131
2007-10-31 01:00:00,0.9148,1.3358666666666668,0.8160294840107768,0.81649214,0.09830785970687861
2007-10-31 01:15:00,0.3213333333333333,0.9148,0.5436852911962747,0.39197037,-0.07063703290621443
2007-10-31 01:30:00,0.2253333333333333,0.3213333333333333,0.2877876354705011,0.30112758,-0.0757942494551341
2007-10-31 01:45:00,0.2121333333333333,0.2253333333333333,0.24444183895426952,0.24141043,-0.02927710091272992
2007-10-31 02:00:00,0.3345333333333333,0.2121333333333333,0.2432758648914951,0.23034854,0.10418479100068406
2007-10-31 02:15:00,0.2829333333333333,0.3345333333333333,0.2885078524210917,0.29883397,-0.015900632921854674
2007-10-31 02:30:00,0.2161333333333333,0.2829333333333333,0.2789848689772165,0.27334276,-0.05720942508379623
2007-10-31 02:45:00,0.3405333333333333,0.2161333333333333,0.29723932327106284,0.27292967,0.06760366490681963
2007-10-31 03:00:00,0.2224,0.3405333333333333,0.2948281784111776,0.29884854,-0.07644853959083558
2007-10-31 03:15:00,0.2214666666666666,0.2224,0.2572547340256218,0.26342282,-0.04195615032513944
2007-10-31 03:30:00,0.3454666666666667,0.2214666666666666,0.2676330779411053,0.247905,0.09756166562239332
2007-10-31 03:45:00,0.2712,0.3454666666666667,0.2917244919505054,0.30149353,-0.03029352550506592
2007-10-31 04:00:00,0.21,0.2712,0.26610796778881296,0.274305,-0.06430498600006104
2007-10-31 04:15:00,0.3393333333333333,0.21,0.2749889818069737,0.27145275,0.06788057859738666
2007-10-31 04:30:00,0.2087999999999999,0.3393333333333333,0.3004763300846967,0.29832706,-0.08952705855369578
2007-10-31 04:45:00,0.208,0.2087999999999999,0.23737464104639003,0.2423576,-0.03435759675502778
2007-10-31 05:00:00,0.3682666666666667,0.208,0.24758556880803823,0.22180091,0.14646575822035474
2007-10-31 05:15:00,0.2478666666666666,0.3682666666666667,0.3530501982047562,0.3399029,-0.09203624094327298
2007-10-31 05:30:00,0.2176,0.2478666666666666,0.27632008037702294,0.27433437,-0.056734371089935315
2007-10-31 05:45:00,0.3348,0.2176,0.2965001124055726,0.2897913,0.045008714008331285
2007-10-31 06:00:00,0.2108,0.3348,0.520955729861073,0.62945664,-0.41865663928985597
2007-10-31 06:15:00,0.2273333333333333,0.2108,0.4881400075586443,0.48161897,-0.2542856372992198
2007-10-31 06:30:00,0.3742666666666666,0.2273333333333333,0.5447013116070681,0.47155356,-0.09728689740498869
2007-10-31 06:45:00,0.2190666666666666,0.3742666666666666,0.7639542795586135,0.8217705,-0.6027038225491842
2007-10-31 07:00:00,0.2346666666666666,0.2190666666666666,0.43476759188741676,0.4845358,-0.2498691466649374
2007-10-31 07:15:00,0.3044,0.2346666666666666,0.4051460604044222,0.4611672,-0.15676718649864196
2007-10-31 07:30:00,0.2065333333333333,0.3044,0.41717776156600855,0.52829295,-0.3217596206347148
2007-10-31 07:45:00,0.2372,0.2065333333333333,0.3923638130122086,0.47214988,-0.23494987874031067
2007-10-31 08:00:00,0.3667999999999999,0.2372,0.4271772923251541,0.3596113,0.007188697385787868
2007-10-31 08:15:00,0.2067999999999999,0.3667999999999999,0.5918399407117941,0.6062281,-0.3994281131744386
2007-10-31 08:30:00,0.238,0.2067999999999999,0.3021062408939661,0.34949464,-0.11149463605880738
2007-10-31 08:45:00,0.2989333333333333,0.238,0.3380192783617548,0.35482678,-0.05589344484011338
2007-10-31 09:00:00,0.2082666666666666,0.2989333333333333,0.332030476766328,0.32191804,-0.11365137384732571
2007-10-31 09:15:00,0.254,0.2082666666666666,0.24812546425236232,0.25226,0.001740000486373905
2007-10-31 09:30:00,0.3514666666666667,0.254,0.3061504558442128,0.32550618,0.025960486141840655
2007-10-31 09:45:00,0.2096,0.3514666666666667,0.3693700011628016,0.3684858,-0.15888580837249755
2007-10-31 10:00:00,0.2557333333333333,0.2096,0.29807281153235765,0.28996593,-0.03423259426752728
2007-10-31 10:15:00,0.2948,0.2557333333333333,0.3132080805253961,0.2791291,0.01567091207504273
2007-10-31 10:30:00,0.2654666666666667,0.2948,0.3285165506379032,0.31682882,-0.05136215046246845
2007-10-31 10:45:00,1.3184,0.2654666666666667,0.30591240909807693,0.29529235,1.0231076523303986
2007-10-31 11:00:00,1.3790666666666669,1.3184,1.4001576460950347,1.3184175,0.060649117533366104
2007-10-31 11:15:00,1.2730666666666666,1.3790666666666669,1.2805521787227365,1.3048017,-0.03173503583272308
2007-10-31 11:30:00,0.7773333333333333,1.2730666666666666,1.1345823632624088,1.1580793,-0.3807459332148234
2007-10-31 11:45:00,3.5456,0.7773333333333333,0.46968212476619564,0.56395566,2.9816443353652953
2007-10-31 12:00:00,3.1144000000000003,3.5456,3.1633132091382987,2.669425,0.44497498931884794
2007-10-31 12:15:00,2.996,3.1144000000000003,2.24376630483686,2.1211343,0.8748657188415527
2007-10-31 12:30:00,1.3425333333333331,2.996,2.2411514095781224,2.1128254,-0.7702920603434247
2007-10-31 12:45:00,4.5744,1.3425333333333331,1.3125471307997152,1.2395679,3.334832124137878
2007-10-31 13:00:00,3.738133333333333,4.5744,3.723844847891611,3.149042,0.5890914422353104
2007-10-31 13:15:00,2.6893333333333334,3.738133333333333,3.3806346028077057,2.971868,-0.2825347048441569
2007-10-31 13:30:00,3.6926666666666663,2.6893333333333334,2.509356108021703,2.3547995,1.3378671576182044
2007-10-31 13:45:00,2.6261333333333337,3.6926666666666663,2.865295428814221,2.9423752,-0.3162418497721351
2007-10-31 14:00:00,1.413333333333333,2.6261333333333337,2.2292266476432774,2.1611383,-0.7478049627939862
2007-10-31 14:15:00,1.36,1.413333333333333,1.5179863322622975,1.4049113,-0.04491127967834463
2007-10-31 14:30:00,1.5149333333333332,1.36,1.454018283869003,1.5100253,0.004908070500691641
2007-10-31 14:45:00,1.4345333333333334,1.5149333333333332,1.6830371830056534,1.7130122,-0.27847888514200836
2007-10-31 15:00:00,1.302533333333333,1.4345333333333334,1.5902858895327316,1.6130574,-0.31052404162089053
2007-10-31 15:15:00,1.3889333333333334,1.302533333333333,1.3407716174644266,1.347022,0.04191127675374351
2007-10-31 15:30:00,1.3108,1.3889333333333334,1.3760882115729003,1.3803793,-0.06957931919097904
2007-10-31 15:45:00,1.36,1.3108,1.3402073398978596,1.355688,0.004312024116516211
2007-10-31 16:00:00,1.4182666666666668,1.36,1.3466451497440113,1.3314676,0.08679903818766288
2007-10-31 16:15:00,1.304,1.4182666666666668,1.4056185686055394,1.3718988,-0.06789877033233638
2007-10-31 16:30:00,1.3242666666666667,1.304,1.299046784381395,1.2820698,0.04219686438242598
2007-10-31 16:45:00,1.397333333333333,1.3242666666666667,1.3314525772497583,1.3176564,0.07967693551381405
2007-10-31 17:00:00,1.3234666666666668,1.397333333333333,1.3656644215929765,1.3600541,-0.03658746865590401
2007-10-31 17:15:00,1.3521333333333334,1.3234666666666668,1.2878699397547047,1.309338,0.04279535973866788
2007-10-31 17:30:00,1.7872,1.3521333333333334,1.3529546710360338,1.3440598,0.4431401750564574
2007-10-31 17:45:00,3.4332,1.7872,1.7649647560750181,1.761665,1.6715350133895872
2007-10-31 18:00:00,1.752,3.4332,2.911614172597491,2.735385,-0.9833849411010742
2007-10-31 18:15:00,1.3896000000000002,1.752,1.5133321080847406,1.4664135,-0.07681349792480452
2007-10-31 18:30:00,1.2638666666666665,1.3896000000000002,1.3886468290218608,1.4912428,-0.2273760997136436
2007-10-31 18:45:00,1.2769333333333333,1.2638666666666665,1.2325764962662769,1.3382666,-0.06133327776590991
2007-10-31 19:00:00,1.397333333333333,1.2769333333333333,1.2771147156132632,1.3513389,0.04599446996053036
2007-10-31 19:15:00,1.306533333333333,1.397333333333333,1.329420409361374,1.4805869,-0.17405355307261172
2007-10-31 19:30:00,0.4066666666666666,1.306533333333333,1.2273529670599426,1.368146,-0.9614792760213217
2007-10-31 19:45:00,0.3249333333333333,0.4066666666666666,0.4766080621381949,0.41160607,-0.0866727400461833
2007-10-31 20:00:00,0.2078666666666666,0.3249333333333333,0.3922984451711457,0.3816104,-0.17374372685750333
2007-10-31 20:15:00,0.2645333333333333,0.2078666666666666,0.2529774510625915,0.33117726,-0.0666439311186473
2007-10-31 20:30:00,0.2793333333333334,0.2645333333333333,0.3323497544410114,0.32535103,-0.04601769630114233
2007-10-31 20:45:00,0.2292,0.2793333333333334,0.32812173398382943,0.37397912,-0.1447791214466095
2007-10-31 21:00:00,0.3265333333333333,0.2292,0.27574205073863917,0.34199342,-0.015460087982813564
2007-10-31 21:15:00,0.2756,0.3265333333333333,0.346101865638272,0.38766983,-0.11206983151435851
2007-10-31 21:30:00,0.2115999999999999,0.2756,0.33773051559464096,0.3675288,-0.155928796195984
2007-10-31 21:45:00,0.2742666666666666,0.2115999999999999,0.2989679769841859,0.3300755,-0.05580883572896328
2007-10-31 22:00:00,0.2814666666666667,0.2742666666666666,0.3315628496272906,0.33370167,-0.052235003503163624
2007-10-31 22:15:00,0.2902666666666667,0.2814666666666667,0.3240148194974514,0.329473,-0.039206322177251174
2007-10-31 22:30:00,0.282,0.2902666666666667,0.32614963668724756,0.33610854,-0.05410853552818301
2007-10-31 22:45:00,0.2898666666666666,0.282,0.3384245339243538,0.34387445,-0.05400778783162441
2007-10-31 23:00:00,0.2155999999999999,0.2898666666666666,0.3356692606852844,0.3414288,-0.12582878651618967
2007-10-31 23:15:00,0.3272,0.2155999999999999,0.30147653052844836,0.3078973,0.019302700471878043
2007-10-31 23:30:00,0.3638666666666666,0.3272,0.346101865638272,0.35202187,0.01184479366938268
2007-10-31 23:45:00,0.2457333333333333,0.3638666666666666,0.4545436970419653,0.3986202,-0.15288685490290327
2007-11-01 00:00:00,0.2774666666666666,0.2457333333333333,0.3040001855411525,0.29051945,-0.013052779467900677
2007-11-01 00:15:00,0.2865333333333333,0.2774666666666666,0.31653374493694747,0.28964993,-0.0031166002432505557
2007-11-01 00:30:00,0.2224,0.2865333333333333,0.3031070547533298,0.3017015,-0.07930148611068727
2007-11-01 00:45:00,0.2739999999999999,0.2224,0.29612982462135357,0.29136705,-0.017367053985595793
2007-11-01 01:00:00,0.3518666666666666,0.2739999999999999,0.30229650790615525,0.29351053,0.05835614024798069
2007-11-01 01:15:00,0.2270666666666666,0.3518666666666666,0.30297581451313255,0.30776772,-0.08070105236371364
2007-11-01 01:30:00,0.2497333333333333,0.2270666666666666,0.30274680721331926,0.2898604,-0.04012706424395246
2007-11-01 01:45:00,0.2938666666666666,0.2497333333333333,0.3018881503545996,0.28621563,0.007651033512751204
2007-11-01 02:00:00,0.2366666666666666,0.2938666666666666,0.2841245782694585,0.28156543,-0.04489876111348476
2007-11-01 02:15:00,0.2892,0.2366666666666666,0.2777640751564486,0.2718488,0.017351202201843274
2007-11-01 02:30:00,0.3061333333333333,0.2892,0.3037277677310555,0.28982654,0.016306791194279968
2007-11-01 02:45:00,0.2384,0.3061333333333333,0.29087879583485,0.28460827,-0.046208274698257445
2007-11-01 03:00:00,0.2305333333333333,0.2384,0.3035442256598236,0.28763902,-0.05710568854014081
2007-11-01 03:15:00,0.2781333333333333,0.2305333333333333,0.29745516637921954,0.2616241,0.01650923550923661
2007-11-01 03:30:00,0.2389333333333333,0.2781333333333333,0.2989773696888328,0.27247283,-0.03353949529329939
2007-11-01 03:45:00,0.3134666666666666,0.2389333333333333,0.2507952435080722,0.2632517,0.05021497461001073
2007-11-01 04:00:00,0.2986666666666666,0.3134666666666666,0.30275246778748416,0.29064068,0.008025984684626175
2007-11-01 04:15:00,0.2402666666666666,0.2986666666666666,0.2863969403093495,0.28294042,-0.042673750861485865
2007-11-01 04:30:00,0.2253333333333333,0.2402666666666666,0.3035442256598236,0.29086024,-0.06552690235773725
2007-11-01 04:45:00,0.2789333333333333,0.2253333333333333,0.26837553967204664,0.2680879,0.010845439608891783
2007-11-01 05:00:00,0.2738666666666666,0.2789333333333333,0.2962780002693564,0.27434924,-0.00048257578214017105
2007-11-01 05:15:00,0.264,0.2738666666666666,0.28310210434116784,0.28427112,-0.020271121025085437
2007-11-01 05:30:00,0.28,0.264,0.3128943043871123,0.28575686,-0.005756856203079197
2007-11-01 05:45:00,0.2392,0.28,0.2965928739224672,0.29299477,-0.05379476742744446
2007-11-01 06:00:00,0.2262666666666666,0.2392,0.4710270659380813,0.53395176,-0.3076850926717123
2007-11-01 06:15:00,0.2826666666666667,0.2262666666666666,0.43862379580236244,0.47555986,-0.1928931938012441
2007-11-01 06:30:00,1.1861333333333337,0.2826666666666667,0.4617540451669946,0.5239262,0.6622071348508203
2007-11-01 06:45:00,1.298266666666667,1.1861333333333337,1.341044824732556,1.4066973,-0.10843060658772763
2007-11-01 07:00:00,1.3552,1.298266666666667,1.231250330184254,1.2280968,0.12710315723419185
2007-11-01 07:15:00,1.2810666666666668,1.3552,1.3231509873625418,1.3266047,-0.04553805726369209
2007-11-01 07:30:00,0.2213333333333333,1.2810666666666668,1.1924404042178762,1.2639092,-1.0425758873621622
2007-11-01 07:45:00,0.2986666666666666,0.2213333333333333,0.6624082249201172,0.40131605,-0.10264938004811613
2007-11-01 08:00:00,0.2931999999999999,0.2986666666666666,0.36023946505806204,0.35462674,-0.06142674498558054
2007-11-01 08:15:00,0.2170666666666666,0.2931999999999999,0.38112894422669413,0.37310198,-0.15603531282742825
2007-11-01 08:30:00,0.3046666666666667,0.2170666666666666,0.30923717384876637,0.3142358,-0.009569139798482229
2007-11-01 08:45:00,0.2188,0.3046666666666667,0.3560748934003605,0.39187804,-0.17307803864479065
2007-11-01 09:00:00,0.2149333333333333,0.2188,0.2968765415016217,0.28957027,-0.07463693863550824
2007-11-01 09:15:00,0.3421333333333333,0.2149333333333333,0.2779125368158983,0.22783633,0.11429700756867722
2007-11-01 09:30:00,0.2450666666666666,0.3421333333333333,0.3646634745379442,0.33608097,-0.09101430171330777
2007-11-01 09:45:00,0.2149333333333333,0.2450666666666666,0.35027585336514344,0.29551128,-0.08057794219652814
2007-11-01 10:00:00,0.3206666666666666,0.2149333333333333,0.3420440737728553,0.25157782,0.06908884231249485
2007-11-01 10:15:00,0.2,0.3206666666666666,0.34704847020329477,0.32597503,-0.12597503066062926
2007-11-01 10:30:00,0.2142666666666666,0.2,0.31183849482772424,0.23788589,-0.02361922572453823
2007-11-01 10:45:00,0.3750666666666667,0.2142666666666666,0.28323524065994715,0.23079772,0.14426894373099014
2007-11-01 11:00:00,0.2158666666666666,0.3750666666666667,0.6660244596824435,0.46967652,-0.25380985773404446
2007-11-01 11:15:00,0.2172,0.2158666666666666,0.37279040058592355,0.283827,-0.06662700681686401
2007-11-01 11:30:00,0.324,0.2172,0.3486926598180402,0.29188055,0.03211945199966432
2007-11-01 11:45:00,0.2046666666666666,0.324,0.33440467629245807,0.3431499,-0.13848323376973476
2007-11-01 12:00:00,0.2190666666666666,0.2046666666666666,0.27695934060067123,0.23939148,-0.02032480924924221
2007-11-01 12:15:00,0.3928,0.2190666666666666,0.2758864566881912,0.2819075,0.11089250116348265
2007-11-01 12:30:00,0.2061333333333333,0.3928,0.6814757581436196,0.4894318,-0.2832984651247661
2007-11-01 12:45:00,0.2236,0.2061333333333333,0.3680911088822249,0.27172977,-0.04812976732254029
2007-11-01 13:00:00,0.3212,0.2236,0.3844265793997906,0.4415863,-0.12038628582954408
2007-11-01 13:15:00,0.2254666666666666,0.3212,0.35635746241068944,0.36413845,-0.1386717875321707
2007-11-01 13:30:00,0.2532,0.2254666666666666,0.2947207081898442,0.27681947,-0.023619467544555683
2007-11-01 13:45:00,0.3590666666666667,0.2532,0.3647864904962836,0.3392021,0.01986456066767378
2007-11-01 14:00:00,0.2045333333333333,0.3590666666666667,0.43902418993017256,0.410122,-0.20558867379824325
2007-11-01 14:15:00,0.2492,0.2045333333333333,0.3072348451873965,0.26930135,-0.020101354885101314
2007-11-01 14:30:00,0.2986666666666666,0.2492,0.32772848931852944,0.30648893,-0.00782226451238005
2007-11-01 14:45:00,0.2063999999999999,0.2986666666666666,0.34462276260331703,0.3325923,-0.12619230852127086
2007-11-01 15:00:00,0.2918666666666666,0.2063999999999999,0.2827131633034718,0.24105565,0.050811014167467694
2007-11-01 15:15:00,0.3204,0.2918666666666666,0.32675545428106134,0.31746122,0.0029387775897979918
2007-11-01 15:30:00,0.2049333333333333,0.3204,0.3436419943266848,0.3500462,-0.14511285430590315
2007-11-01 15:45:00,0.2509333333333333,0.2049333333333333,0.3179496689738158,0.26930135,-0.018368021551768032
2007-11-01 16:00:00,0.2850666666666666,0.2509333333333333,0.32772848931852944,0.3192997,-0.03423303120930998
2007-11-01 16:15:00,0.2041333333333333,0.2850666666666666,0.32662746882388133,0.31362113,-0.1094878002325694
2007-11-01 16:30:00,0.3068,0.2041333333333333,0.28231760069324247,0.23757951,0.06922049038410188
2007-11-01 16:45:00,0.3041333333333333,0.3068,0.32675545428106134,0.32593524,-0.021801911226908388
2007-11-01 17:00:00,0.204,0.3041333333333333,0.35607207206397257,0.38948268,-0.18548267698287965
2007-11-01 17:15:00,0.2446666666666666,0.204,0.33602589123292204,0.3181008,-0.07343414338429777
2007-11-01 17:30:00,0.2834666666666666,0.2446666666666666,0.32820917783811077,0.35005116,-0.0665844979604086
2007-11-01 17:45:00,1.165333333333333,0.2834666666666666,0.3386465681981557,0.38105443,0.7842789021333056
2007-11-01 18:00:00,1.3749333333333331,1.165333333333333,1.4488072500846974,1.5566268,-0.181693463389079
2007-11-01 18:15:00,1.3421333333333334,1.3749333333333331,1.4070476284012756,1.5567837,-0.21465034281412754
2007-11-01 18:30:00,1.056,1.3421333333333334,1.278416915229531,1.4316509,-0.3756508769989013
2007-11-01 18:45:00,0.2338666666666666,1.056,0.9961045466459139,1.0697938,-0.8359271537144979
2007-11-01 19:00:00,0.2838666666666666,0.2338666666666666,0.3601470327829961,0.40976104,-0.12589437473615017
2007-11-01 19:15:00,0.2366666666666667,0.2838666666666666,0.3797193485130447,0.4239338,-0.18726713736852008
2007-11-01 19:30:00,0.2733333333333333,0.2366666666666667,0.36182970449370105,0.4012716,-0.12793827811876934
2007-11-01 19:45:00,0.2804,0.2733333333333333,0.33188768347869013,0.3490458,-0.0686458130836487
2007-11-01 20:00:00,0.2338666666666666,0.2804,0.3488968775897517,0.37586993,-0.14200326312383021
2007-11-01 20:15:00,0.2117333333333333,0.2338666666666666,0.32333559212593554,0.32961327,-0.11787993504206343
2007-11-01 20:30:00,0.2842666666666666,0.2117333333333333,0.3137141976633195,0.31964824,-0.03538156936963405
2007-11-01 20:45:00,0.2713333333333333,0.2842666666666666,0.32714131053726697,0.357761,-0.08642766229311627
2007-11-01 21:00:00,0.2465333333333333,0.2713333333333333,0.3212756255752253,0.3554944,-0.1089610764662425
2007-11-01 21:15:00,0.2816,0.2465333333333333,0.33482846508662784,0.35384697,-0.07224696722030638
2007-11-01 21:30:00,0.234,0.2816,0.35290878807488546,0.37586582,-0.1418658170700073
2007-11-01 21:45:00,0.2082666666666666,0.234,0.31168808272929854,0.33169734,-0.12343067811330166
2007-11-01 22:00:00,0.2853333333333333,0.2082666666666666,0.29095745837861897,0.25871482,0.026618508418401077
2007-11-01 22:15:00,0.296,0.2853333333333333,0.3205370794231239,0.3245293,-0.0285292901992798
2007-11-01 22:30:00,0.2293333333333333,0.296,0.3240046385979866,0.336077,-0.1067436713377635
2007-11-01 22:45:00,0.2958666666666666,0.2293333333333333,0.32945924860786396,0.31270024,-0.016833575137456314
2007-11-01 23:00:00,0.2417333333333333,0.2958666666666666,0.3550436052646817,0.38103074,-0.13929740502039595
2007-11-01 23:15:00,0.2191999999999999,0.2417333333333333,0.32435229108426056,0.30090624,-0.0817062409400941
2007-11-01 23:30:00,0.3032,0.2191999999999999,0.32200381152019353,0.29634324,0.0068567628383636725
2007-11-01 23:45:00,0.3011999999999999,0.3032,0.34552398126664485,0.36440963,-0.06320962553024301
2007-11-02 00:00:00,0.2169333333333333,0.3011999999999999,0.30534568753641167,0.29086226,-0.07392892891565961
2007-11-02 00:15:00,0.3137333333333333,0.2169333333333333,0.3055326600695649,0.28705475,0.026678585990269954
2007-11-02 00:30:00,0.2150666666666666,0.3137333333333333,0.3037277677310555,0.29656002,-0.08149335258801785
2007-11-02 00:45:00,0.2154666666666666,0.2150666666666666,0.28892693385813123,0.25732633,-0.041859668048222914
2007-11-02 01:00:00,0.3404,0.2154666666666666,0.2370208192754737,0.2374943,0.10290569522380827
2007-11-02 01:15:00,0.2590666666666666,0.3404,0.3157569273465819,0.30075318,-0.04168650954564418
2007-11-02 01:30:00,0.2152,0.2590666666666666,0.2935025339053953,0.26624689,-0.051046885061264036
2007-11-02 01:45:00,0.3252,0.2152,0.29972416910910676,0.2531039,0.07209608812332152
2007-11-02 02:00:00,0.2050666666666666,0.3252,0.3162128872279108,0.29656002,-0.09149335258801786
2007-11-02 02:15:00,0.2181333333333333,0.2050666666666666,0.24306836974649404,0.232615,-0.014481660715738975
2007-11-02 02:30:00,0.3593333333333333,0.2181333333333333,0.2311660996052312,0.24240379,0.11692954297860458
2007-11-02 02:45:00,0.2382666666666666,0.3593333333333333,0.3405284451464127,0.31774518,-0.07947851227124539
2007-11-02 03:00:00,0.2346666666666666,0.2382666666666666,0.28401588708483666,0.2552808,-0.020614126046498676
2007-11-02 03:15:00,0.3096,0.2346666666666666,0.3132152219716573,0.26681072,0.04278928480148314
2007-11-02 03:30:00,0.2065333333333333,0.3096,0.3162128872279108,0.2916881,-0.08515478107134505
2007-11-02 03:45:00,0.2492,0.2065333333333333,0.23920549795076995,0.2329701,0.016229896378517156
2007-11-02 04:00:00,0.3590666666666667,0.2492,0.27754436668112786,0.26712644,0.09194022566477461
2007-11-02 04:15:00,0.2130666666666666,0.3590666666666667,0.32793967498196186,0.314325,-0.1012583381493887
2007-11-02 04:30:00,0.2563999999999999,0.2130666666666666,0.26031952915946577,0.24763608,0.008763920211791898
2007-11-02 04:45:00,0.7330666666666666,0.2563999999999999,0.31548934558129493,0.28454778,0.4485188906828562
2007-11-02 05:00:00,1.2813333333333332,0.7330666666666666,1.2937649736822063,1.158865,0.12246835835774728
2007-11-02 05:15:00,1.3409333333333333,1.2813333333333332,1.247750993840498,1.1427019,0.1982314690907796
2007-11-02 05:30:00,1.4252,1.3409333333333333,0.8796671727834984,0.8047793,0.6204207088470459
2007-11-02 05:45:00,0.4514666666666667,1.4252,0.9843328823644322,0.9382465,-0.4867798219045003
2007-11-02 06:00:00,0.2585333333333333,0.4514666666666667,0.5524162267473891,0.56264085,-0.30410751244227097
2007-11-02 06:15:00,0.2909333333333333,0.2585333333333333,0.4736317537422465,0.49386758,-0.20293424278895061
2007-11-02 06:30:00,0.2098666666666666,0.2909333333333333,0.42809939148286474,0.5129034,-0.3030367256482443
2007-11-02 06:45:00,0.2745333333333333,0.2098666666666666,0.4661286827212388,0.4906388,-0.21610545918146773
2007-11-02 07:00:00,0.3294666666666667,0.2745333333333333,0.4376606084653525,0.52231413,-0.19284746459325153
2007-11-02 07:15:00,0.2257333333333333,0.3294666666666667,0.4420116270277571,0.6048458,-0.37911248852411905
2007-11-02 07:30:00,0.2252,0.2257333333333333,0.47673287157722205,0.5249631,-0.2997630808830261
2007-11-02 07:45:00,0.2881333333333333,0.2252,0.41135668750376325,0.43994817,-0.1518148380438487
2007-11-02 08:00:00,0.2376,0.2881333333333333,0.3451024161779148,0.3792281,-0.14162808527946472
2007-11-02 08:15:00,0.2726666666666666,0.2376,0.4313027955957981,0.3787195,-0.10605284198125209
2007-11-02 08:30:00,0.3058666666666667,0.2726666666666666,0.31839877738685374,0.35923928,-0.05337261355717976
2007-11-02 08:45:00,0.2366666666666666,0.3058666666666667,0.3560748934003605,0.399665,-0.16299833138783779
2007-11-02 09:00:00,0.2112,0.2366666666666666,0.3153933962390903,0.27923822,-0.06803822402954102
2007-11-02 09:15:00,0.2878666666666666,0.2112,0.31609968600404953,0.25416443,0.033702239147822
2007-11-02 09:30:00,0.2321333333333333,0.2878666666666666,0.3340782838170975,0.3008281,-0.06869476591746015
2007-11-02 09:45:00,0.2789333333333333,0.2321333333333333,0.29430877854610965,0.25688383,0.022049503501256285
2007-11-02 10:00:00,0.2942666666666666,0.2789333333333333,0.34430721856452934,0.27713642,0.017130251423517817
2007-11-02 10:15:00,0.2206666666666666,0.2942666666666666,0.34663402598795967,0.3201004,-0.09943373020490018
2007-11-02 10:30:00,0.3529333333333334,0.2206666666666666,0.31727348075127604,0.2740141,0.07891924780209864
2007-11-02 10:45:00,1.1394666666666666,0.3529333333333334,0.3777545357461103,0.35390165,0.7855650121847788
2007-11-02 11:00:00,3.2990666666666666,1.1394666666666666,1.3358928731903361,1.2908847,2.0081819334665933
2007-11-02 11:15:00,2.2514666666666665,3.2990666666666666,3.0022133369861677,2.5536094,-0.30214270451863623
2007-11-02 11:30:00,2.284,2.2514666666666665,2.0195504754160227,1.7635913,0.5204087104797361
2007-11-02 11:45:00,2.2836,2.284,2.01467958796759,1.7565457,0.527054337120056
2007-11-02 12:00:00,3.1004,2.2836,1.9640362799660338,1.7226206,1.3777793935775757
2007-11-02 12:15:00,3.561333333333333,3.1004,2.9275451861320603,2.5944204,0.9669129002888992
2007-11-02 12:30:00,1.6804,3.561333333333333,3.2462599392858205,2.9399354,-1.2595354457855226
2007-11-02 12:45:00,2.302133333333333,1.6804,1.666496124773353,1.6625453,0.6395880099614457
2007-11-02 13:00:00,3.3664,2.302133333333333,2.2779311823415114,2.127378,1.239022013092041
2007-11-02 13:15:00,1.9034666666666664,3.3664,3.1301771363697948,2.805381,-0.90191439297994
2007-11-02 13:30:00,1.6770666666666665,1.9034666666666664,1.801378559972973,1.6820774,-0.005010741170247579
2007-11-02 13:45:00,1.8530666666666664,1.6770666666666665,1.6861738582962338,1.6334403,0.219626410547892
2007-11-02 14:00:00,1.3317333333333332,1.8530666666666664,2.0435725204126185,1.9924827,-0.6607493288675945
2007-11-02 14:15:00,1.3612,1.3317333333333332,1.3400911293042188,1.3630027,-0.0018026578903198587
2007-11-02 14:30:00,1.3084,1.3612,1.3741610867349163,1.3687284,-0.06032839927673339
2007-11-02 14:45:00,1.306533333333333,1.3084,1.3373406197224273,1.3040601,0.002473231824238864
2007-11-02 15:00:00,1.4948,1.306533333333333,1.2651392823202245,1.3063186,0.18848135929107657
2007-11-02 15:15:00,1.3142666666666665,1.4948,1.5390315367693461,1.5381441,-0.2238774449666343
2007-11-02 15:30:00,1.2977333333333334,1.3142666666666665,1.3170800947557408,1.2834822,0.014251139386495026
2007-11-02 15:45:00,1.3248,1.2977333333333334,1.303293315985985,1.2261199,0.09868012409210203
2007-11-02 16:00:00,1.310533333333333,1.3248,1.3375423313478703,1.3113488,-0.0008154625574749996
2007-11-02 16:15:00,1.3972,1.310533333333333,1.2434346703778936,1.2677499,0.12945009441375732
2007-11-02 16:30:00,1.348933333333333,1.3972,1.3309157251415562,1.31167,0.037263387616475185
2007-11-02 16:45:00,3.776133333333333,1.348933333333333,1.315652657856626,1.3108858,2.4652475463231402
2007-11-02 17:00:00,3.2421333333333333,3.776133333333333,3.239127843783167,2.9642487,0.2778846761067708
2007-11-02 17:15:00,3.1144000000000003,3.2421333333333333,2.924025614690022,2.6238568,0.49054321708679227
2007-11-02 17:30:00,2.179733333333333,3.1144000000000003,2.7252306388321283,2.6625662,-0.4828328516642255
2007-11-02 17:45:00,1.2822666666666669,2.179733333333333,2.021030280187407,1.8687979,-0.5865312316258746
2007-11-02 18:00:00,1.3,1.2822666666666669,1.3711600125256782,1.2968817,0.0031183242797852007
2007-11-02 18:15:00,1.2881333333333334,1.3,1.388225734700439,1.6084638,-0.3203304308573405
2007-11-02 18:30:00,1.2466666666666666,1.2881333333333334,1.3869915075735257,1.4687035,-0.2220368417104086
2007-11-02 18:45:00,1.3112,1.2466666666666666,1.4779299841071085,1.4238044,-0.11260440235137947
2007-11-02 19:00:00,1.2952,1.3112,1.2473941838035845,1.3536743,-0.05847429256439218
2007-11-02 19:15:00,1.2348,1.2952,1.201476497637759,1.3037215,-0.06892154712677012
2007-11-02 19:30:00,1.2694666666666667,1.2348,1.3017438830351709,1.2278693,0.04159739443461108
2007-11-02 19:45:00,1.276,1.2694666666666667,1.2756483877024813,1.2759049,9.510612487795278e-05
2007-11-02 20:00:00,1.2406666666666666,1.276,1.1821281093264195,1.3486282,-0.10796149667104094
2007-11-02 20:15:00,1.3357333333333334,1.2406666666666666,1.3320773806993143,1.2798187,0.05591467927296967
2007-11-02 20:30:00,1.3074666666666668,1.3357333333333334,1.2916613366818508,1.4380053,-0.13053866151173898
2007-11-02 20:45:00,1.2285333333333337,1.3074666666666668,1.2120517808922897,1.3834563,-0.15492301603953007
2007-11-02 21:00:00,1.266133333333333,1.2285333333333337,1.2736305994601282,1.2429154,0.02321794141133604
2007-11-02 21:15:00,1.29,1.266133333333333,1.3663672209085969,1.290951,-0.000951013565063441
2007-11-02 21:30:00,1.2833333333333334,1.29,1.2103588887216123,1.3187677,-0.03543433348337799
2007-11-02 21:45:00,0.6136,1.2833333333333334,1.2021418810960594,1.3187677,-0.7051676668167114
2007-11-02 22:00:00,0.2806666666666667,0.6136,0.6849107736970887,0.48170444,-0.20103777702649434
2007-11-02 22:15:00,0.2021333333333333,0.2806666666666667,0.384139156286316,0.31609264,-0.11395930682818098
2007-11-02 22:30:00,0.2536,0.2021333333333333,0.2400315105515614,0.2547181,-0.001118095064163216
2007-11-02 22:45:00,0.3048,0.2536,0.3506672750918765,0.293946,0.010854002046585098
2007-11-02 23:00:00,0.2561333333333333,0.3048,0.34552398126664485,0.31995758,-0.06382425080935161
2007-11-02 23:15:00,0.2689333333333333,0.2561333333333333,0.3743726489252083,0.32052717,-0.05159383279482527
2007-11-02 23:30:00,0.2774666666666666,0.2689333333333333,0.35093719420668784,0.35515976,-0.07769309285481779
2007-11-02 23:45:00,0.2033333333333333,0.2774666666666666,0.35111696640670387,0.34620082,-0.1428674904505412
2007-11-03 00:00:00,0.2789333333333333,0.2033333333333333,0.2585343594681392,0.24838577,0.030547561224301634
2007-11-03 00:15:00,0.3238666666666666,0.2789333333333333,0.28106510526681544,0.25594646,0.06792020928064973
2007-11-03 00:30:00,0.2143999999999999,0.3238666666666666,0.30450881357926113,0.29862684,-0.08422684011459361
2007-11-03 00:45:00,0.2884,0.2143999999999999,0.25433563198919074,0.24852003,0.039879968428611745
2007-11-03 01:00:00,0.2566666666666666,0.2884,0.30212690960217087,0.28096154,-0.0242948766549429
2007-11-03 01:15:00,0.2069333333333333,0.2566666666666666,0.3034644142236086,0.30042583,-0.09349249416987104
2007-11-03 01:30:00,0.3042666666666667,0.2069333333333333,0.24941055318424304,0.23428647,0.06998019446531933
2007-11-03 01:45:00,0.312,0.3042666666666667,0.31709030204197325,0.28097185,0.03102814507484436
2007-11-03 02:00:00,0.2052,0.312,0.30554416988961747,0.29862684,-0.09342684011459351
2007-11-03 02:15:00,0.2848,0.2052,0.250211055056541,0.23126794,0.053532056021690366
2007-11-03 02:30:00,0.2592,0.2848,0.3250791801236522,0.28589204,-0.026692039537429824
2007-11-03 02:45:00,0.2138666666666666,0.2592,0.3036003681985326,0.29881835,-0.08495168317159024
2007-11-03 03:00:00,0.3357333333333333,0.2138666666666666,0.23211867597775587,0.2273895,0.10834383378823592
2007-11-03 03:15:00,0.2745333333333333,0.3357333333333333,0.31653374493694747,0.29590446,-0.02137112423578902
2007-11-03 03:30:00,0.2281333333333333,0.2745333333333333,0.30554416988961747,0.29502565,-0.06689231335322066
2007-11-03 03:45:00,0.2618666666666666,0.2281333333333333,0.26974849937650525,0.26349664,-0.0016299706776937706
2007-11-03 04:00:00,0.2653333333333333,0.2618666666666666,0.31548934558129493,0.28765848,-0.022325149456659976
2007-11-03 04:15:00,0.2488,0.2653333333333333,0.29009790895786286,0.2870238,-0.03822381253242493
2007-11-03 04:30:00,0.3067999999999999,0.2488,0.2506894663930192,0.2497523,0.057047702002525236
2007-11-03 04:45:00,0.2648,0.3067999999999999,0.30404862544009215,0.29033425,-0.025534254503250142
2007-11-03 05:00:00,0.2415999999999999,0.2648,0.3059390802630666,0.31452855,-0.07292855467796336
2007-11-03 05:15:00,0.2452,0.2415999999999999,0.30587914393775734,0.3063215,-0.06112150173187256
2007-11-03 05:30:00,0.2673333333333333,0.2452,0.3046421382082228,0.30306005,-0.03572672144571942
2007-11-03 05:45:00,0.286,0.2673333333333333,0.28205770498551525,0.29157463,-0.0055746271610260245
2007-11-03 06:00:00,0.2637333333333333,0.286,0.4366962023289001,0.4614855,-0.19775217177073162
2007-11-03 06:15:00,0.2756,0.2637333333333333,0.4206439336548195,0.40312544,-0.12752543511390685
2007-11-03 06:30:00,0.2372,0.2756,0.41500986162979564,0.4275725,-0.19037248878479004
2007-11-03 06:45:00,0.2361333333333333,0.2372,0.4189064548049194,0.40339234,-0.16725901137987775
2007-11-03 07:00:00,0.2914666666666666,0.2361333333333333,0.3708122305911166,0.34255144,-0.05108477333386746
2007-11-03 07:15:00,0.2966666666666667,0.2914666666666666,0.3755302410144599,0.3669748,-0.07030813415845233
2007-11-03 07:30:00,0.2333333333333333,0.2966666666666667,0.3755302410144599,0.37347928,-0.14014594356218976
2007-11-03 07:45:00,0.3057333333333333,0.2333333333333333,0.3966056334643476,0.32997137,-0.024238039747873974
2007-11-03 08:00:00,0.6058666666666668,0.3057333333333333,0.3560748934003605,0.3652251,0.24064156018892935
2007-11-03 08:15:00,1.3016,0.6058666666666668,1.3137683509948552,1.079712,0.22188796672821054
2007-11-03 08:30:00,1.399066666666667,1.3016,1.3112632555624375,1.3981568,0.0009099045435589925
2007-11-03 08:45:00,1.2938666666666667,1.399066666666667,1.335650067217072,1.3214695,-0.027602878697713162
2007-11-03 09:00:00,0.5525333333333333,1.2938666666666667,1.2167719631668752,1.2077408,-0.6552074503580729
2007-11-03 09:15:00,0.3102666666666666,0.5525333333333333,0.577210281864569,0.5658107,-0.2555440137227377
2007-11-03 09:30:00,0.1984,0.3102666666666666,0.38343992363831747,0.35409433,-0.15569432649612427
2007-11-03 09:45:00,0.22,0.1984,0.24130305823164863,0.318037,-0.0980370032787323
2007-11-03 10:00:00,0.3749333333333333,0.22,0.3319591106241407,0.30267915,0.07225418203671768
2007-11-03 10:15:00,0.2009333333333333,0.3749333333333333,0.6393909840431977,0.52171564,-0.3207823076883952
2007-11-03 10:30:00,0.2350666666666666,0.2009333333333333,0.3226861529042008,0.2899558,-0.05488912814458219
2007-11-03 10:45:00,0.2946666666666667,0.2350666666666666,0.3208229322427191,0.3033487,-0.008682023604710876
2007-11-03 11:00:00,0.1965333333333333,0.2946666666666667,0.34395400635250906,0.3555691,-0.15903576108614606
2007-11-03 11:15:00,0.2604,0.1965333333333333,0.27675203965751943,0.27553514,-0.015135136461257914
2007-11-03 11:30:00,0.3342666666666666,0.2604,0.3236329138279559,0.33214206,0.0021246116320291497
2007-11-03 11:45:00,0.1964,0.3342666666666666,0.3446492109506483,0.38262108,-0.18622107968330384
2007-11-03 12:00:00,0.2422666666666666,0.1964,0.37685434984140814,0.29537123,-0.05310456775029507
2007-11-03 12:15:00,0.2865333333333333,0.2422666666666666,0.3350170326751303,0.32955426,-0.043020926443735785
2007-11-03 12:30:00,0.1977333333333333,0.2865333333333333,0.3400464299507312,0.3321487,-0.13441536761919662
2007-11-03 12:45:00,0.2918666666666666,0.1977333333333333,0.28912390538123467,0.30641627,-0.014549606450398822
2007-11-03 13:00:00,0.3102666666666666,0.2918666666666666,0.40547638192966884,0.349904,-0.039637334092458176
2007-11-03 13:15:00,0.2069333333333333,0.3102666666666666,0.35563100616953014,0.372954,-0.16602067763010664
2007-11-03 13:30:00,0.2262666666666666,0.2069333333333333,0.3800496565703695,0.32826543,-0.10199876187642423
2007-11-03 13:45:00,0.3001333333333333,0.2262666666666666,0.3299635058091575,0.32367474,-0.023541405073801702
2007-11-03 14:00:00,0.2244,0.3001333333333333,0.3341217191631008,0.3744382,-0.15003819642066957
2007-11-03 14:15:00,0.2825333333333333,0.2244,0.34201737657895975,0.31080955,-0.028276219336191843
2007-11-03 14:30:00,0.2993333333333333,0.2825333333333333,0.32091874311077584,0.3344206,-0.03508725825945541
2007-11-03 14:45:00,0.2381333333333333,0.2993333333333333,0.34395400635250906,0.3683012,-0.13016787945429487
2007-11-03 15:00:00,0.2025333333333333,0.2381333333333333,0.3330713840951243,0.34436202,-0.14182868715922042
2007-11-03 15:15:00,0.2964,0.2025333333333333,0.3576330750424016,0.2762276,0.02017240657806396
2007-11-03 15:30:00,0.2768,0.2964,0.3253768670674175,0.35721418,-0.08041418261528016
2007-11-03 15:45:00,0.2346666666666666,0.2768,0.35697294023637205,0.35484105,-0.12017438681920375
2007-11-03 16:00:00,0.2927999999999999,0.2346666666666666,0.35534156821867113,0.32949588,-0.0366958770275117
2007-11-03 16:15:00,0.3850666666666666,0.2927999999999999,0.34395400635250906,0.3632483,0.021818378035227404
2007-11-03 16:30:00,0.1981333333333333,0.3850666666666666,0.5301096134036545,0.4674451,-0.2693117719809215
2007-11-03 16:45:00,0.3098666666666666,0.1981333333333333,0.30830654499505106,0.3155591,-0.005692422517140749
2007-11-03 17:00:00,0.2943999999999999,0.3098666666666666,0.36358543769328727,0.3863821,-0.09198210296630871
2007-11-03 17:15:00,0.1984,0.2943999999999999,0.36807781654389127,0.40025505,-0.20185505423545838
2007-11-03 17:30:00,0.3198666666666667,0.1984,0.35223917283848555,0.3245953,-0.004728635676701842
2007-11-03 17:45:00,0.2094666666666667,0.3198666666666667,0.3531340554625869,0.39255255,-0.18308588794072467
2007-11-03 18:00:00,0.1966666666666666,0.2094666666666667,0.3328738166232435,0.40443304,-0.20776637514432278
2007-11-03 18:15:00,0.3362666666666667,0.1966666666666666,0.276811506515134,0.35465053,-0.01838386057217911
2007-11-03 18:30:00,0.2661333333333333,0.3362666666666667,0.3662367746940399,0.45269504,-0.18656170856157944
2007-11-03 18:45:00,0.1974666666666666,0.2661333333333333,0.3411722207896514,0.45406303,-0.25659636143048614
2007-11-03 19:00:00,0.3165333333333333,0.1974666666666666,0.37048913642072523,0.36580685,-0.04927351447741196
2007-11-03 19:15:00,0.7982666666666667,0.3165333333333333,0.3524519952261303,0.41029125,0.3879754121462504
2007-11-03 19:30:00,1.2624,0.7982666666666667,1.2335173848163432,1.3653497,-0.10294965038299564
2007-11-03 19:45:00,1.392,1.2624,1.4308595434373281,1.3191228,0.0728772087097167
2007-11-03 20:00:00,1.3012,1.392,1.3638063842675174,1.5105503,-0.20935026054382333
2007-11-03 20:15:00,0.3597333333333333,1.3012,1.3044442807952183,1.4363545,-1.0766211846033733
2007-11-03 20:30:00,0.2759999999999999,0.3597333333333333,0.49874660459192405,0.4891658,-0.21316581273078927
2007-11-03 20:45:00,0.2228,0.2759999999999999,0.3869293329573844,0.40611044,-0.18331043572425842
2007-11-03 21:00:00,0.2378666666666666,0.2228,0.3453459087940785,0.36230737,-0.1244407030423483
2007-11-03 21:15:00,0.3429333333333333,0.2378666666666666,0.3434195056070182,0.32076785,0.022165483649571716
2007-11-03 21:30:00,0.2281333333333333,0.3429333333333333,0.36437435837705445,0.4006994,-0.1725660735289256
2007-11-03 21:45:00,0.2344,0.2281333333333333,0.33924969213075973,0.36409128,-0.12969127712249756
2007-11-03 22:00:00,0.2737333333333333,0.2344,0.32484328703181814,0.3268501,-0.05311675311724351
2007-11-03 22:15:00,0.2463999999999999,0.2737333333333333,0.3500813868017674,0.32619652,-0.07979652152061473
2007-11-03 22:30:00,0.2549333333333333,0.2463999999999999,0.2899974824029679,0.2933891,-0.03845577842394515
2007-11-03 22:45:00,0.3163999999999999,0.2549333333333333,0.3225611808256144,0.30079174,0.015608259582519435
2007-11-03 23:00:00,0.2764,0.3163999999999999,0.35420118025067593,0.36385596,-0.08745595798492434
2007-11-03 23:15:00,0.2135999999999999,0.2764,0.35600705683556944,0.332413,-0.11881298794746409
2007-11-03 23:30:00,0.2689333333333333,0.2135999999999999,0.332619671692629,0.32860258,-0.059669248882929515
2007-11-03 23:45:00,0.2833333333333333,0.2689333333333333,0.3447375798813084,0.32895896,-0.04562562505404155
2007-11-04 00:00:00,0.2737333333333333,0.2833333333333333,0.28837809054666247,0.27391723,-0.00018389465014145845
2007-11-04 00:15:00,0.2768,0.2737333333333333,0.3173538929196285,0.29383698,-0.017036981058120737
2007-11-04 00:30:00,0.2888,0.2768,0.3233462307794446,0.29701686,-0.008216859054565429
2007-11-04 00:45:00,0.2070666666666666,0.2888,0.29215639527549103,0.28331587,-0.07624920051892606
2007-11-04 01:00:00,0.2893333333333333,0.2070666666666666,0.2688291810342205,0.2623266,0.027006735165913842
2007-11-04 01:15:00,0.2825333333333333,0.2893333333333333,0.32723859497231866,0.28949514,-0.00696180698076887
2007-11-04 01:30:00,0.2592,0.2825333333333333,0.284667076721537,0.27264366,-0.013443655538558974
2007-11-04 01:45:00,0.306,0.2592,0.31742074748247134,0.29383698,0.012163018941879267
2007-11-04 02:00:00,0.2490666666666666,0.306,0.32210922504990996,0.29574615,-0.046679480965932274
2007-11-04 02:15:00,0.2161333333333333,0.2490666666666666,0.27397576937855517,0.27980754,-0.06367420446077987
2007-11-04 02:30:00,0.2869333333333334,0.2161333333333333,0.2969687392639893,0.2584115,0.028521836455663085
2007-11-04 02:45:00,0.3070666666666666,0.2869333333333334,0.3105430799472537,0.28969425,0.017372417036692234
2007-11-04 03:00:00,0.2554666666666667,0.3070666666666666,0.2911810953319197,0.28093627,-0.025469604285558056
2007-11-04 03:15:00,0.2616,0.2554666666666667,0.310988022212217,0.29338574,-0.031785744094848634
2007-11-04 03:30:00,0.2592,0.2616,0.3215207855755864,0.29155582,-0.03235582189559938
2007-11-04 03:45:00,0.2329333333333333,0.2592,0.31059352951730224,0.28929076,-0.05635742265383406
2007-11-04 04:00:00,0.2717333333333334,0.2329333333333333,0.2880469754440323,0.2695865,0.002146829827626595
2007-11-04 04:15:00,0.3530666666666667,0.2717333333333334,0.2957679438738996,0.27255744,0.08050922924677534
2007-11-04 04:30:00,0.2052,0.3530666666666667,0.31020642798596,0.302174,-0.09697400193214417
2007-11-04 04:45:00,0.2612,0.2052,0.23622844473160107,0.2545613,0.006638694953918445
2007-11-04 05:00:00,0.2938666666666666,0.2612,0.3282879475803025,0.2915878,0.002278866879145247
2007-11-04 05:15:00,0.2022666666666666,0.2938666666666666,0.31307723860205644,0.28568074,-0.08341407440503446
2007-11-04 05:30:00,0.3413333333333333,0.2022666666666666,0.23421243691422006,0.23331425,0.10801908739407856
2007-11-04 05:45:00,0.2838666666666666,0.3413333333333333,0.34226923349628924,0.29248574,-0.008619077094396022
2007-11-04 06:00:00,0.2036,0.2838666666666666,0.4390354576937404,0.4631448,-0.25954480900764465
2007-11-04 06:15:00,0.2973333333333333,0.2036,0.39458800002400485,0.35826877,-0.060935434261957855
2007-11-04 06:30:00,1.2909333333333337,0.2973333333333333,0.4033249872358134,0.43042716,0.8605061694939935
2007-11-04 06:45:00,1.3029333333333333,1.2909333333333337,1.4454966012387787,1.3650337,-0.06210041243235276
2007-11-04 07:00:00,1.3904,1.3029333333333333,1.3429039072449018,1.2839264,0.10647363224029549
2007-11-04 07:15:00,0.9142666666666668,1.3904,1.3829622676516449,1.3474827,-0.4332160146077473
2007-11-04 07:30:00,0.2416,0.9142666666666668,0.9095372856052439,0.7665376,-0.524937606716156
2007-11-04 07:45:00,0.2566666666666666,0.2416,0.4386579312767159,0.38786528,-0.13119860847791043
2007-11-04 08:00:00,0.3007999999999999,0.2566666666666666,0.3513594035369733,0.3446441,-0.043844099473953346
2007-11-04 08:15:00,0.2394666666666666,0.3007999999999999,0.3717082767703392,0.41652137,-0.17705470374425258
2007-11-04 08:30:00,0.3033333333333333,0.2394666666666666,0.3456629520019306,0.39872953,-0.09539619962374374
2007-11-04 08:45:00,0.288,0.3033333333333333,0.35712636527640923,0.4055063,-0.11750631284713747
2007-11-04 09:00:00,0.2018666666666666,0.288,0.3473399470237538,0.3686656,-0.1667989391167959
2007-11-04 09:15:00,0.2913333333333333,0.2018666666666666,0.3116600036235632,0.3144418,-0.023108466784159398
2007-11-04 09:30:00,0.2634666666666667,0.2913333333333333,0.3501479521163845,0.34408784,-0.08062117245992023
2007-11-04 09:45:00,0.308,0.2634666666666667,0.334190197377528,0.32449988,-0.016499875307083134
2007-11-04 10:00:00,0.2681333333333333,0.308,0.3306923431458527,0.3420737,-0.07394037543932602
2007-11-04 10:15:00,0.2716,0.2681333333333333,0.347874823320551,0.33615157,-0.06455157008171081
2007-11-04 10:30:00,0.2453333333333333,0.2716,0.347874823320551,0.3405858,-0.09525246469179793
2007-11-04 10:45:00,0.2508,0.2453333333333333,0.3261249951179506,0.33695233,-0.08615232868194578
2007-11-04 11:00:00,0.3389333333333333,0.2508,0.3113045941597628,0.3256631,0.013270243581136043
2007-11-04 11:15:00,0.2455999999999999,0.3389333333333333,0.3493580282063293,0.3664318,-0.12083180251121531
2007-11-04 11:30:00,0.2657333333333333,0.2455999999999999,0.32722279845641944,0.3329591,-0.0672257523695628
2007-11-04 11:45:00,0.2935999999999999,0.2657333333333333,0.347874823320551,0.33122736,-0.03762736215591439
2007-11-04 12:00:00,0.2294666666666666,0.2935999999999999,0.3478908952173005,0.33524823,-0.10578156522115079
2007-11-04 12:15:00,0.2841333333333333,0.2294666666666666,0.30776583956605985,0.3277688,-0.04363546930948897
2007-11-04 12:30:00,0.3529333333333334,0.2841333333333333,0.3353156617066624,0.31287706,0.040056274350484256
2007-11-04 12:45:00,0.2429333333333333,0.3529333333333334,0.3886733563267718,0.39083797,-0.14790463406244916
2007-11-04 13:00:00,0.2463999999999999,0.2429333333333333,0.3295601193813426,0.3329591,-0.08655908570289622
2007-11-04 13:15:00,0.3070666666666666,0.2463999999999999,0.3277636392005639,0.3221565,-0.01508982222874966
2007-11-04 13:30:00,0.2713333333333333,0.3070666666666666,0.3478908952173005,0.335613,-0.06427967898050946
2007-11-04 13:45:00,0.356,0.2713333333333333,0.33258242510479336,0.33661154,0.019388460874557478
2007-11-04 14:00:00,0.3788,0.356,0.43110595512526095,0.40991336,-0.031113361072540258
2007-11-04 14:15:00,1.3204,0.3788,0.5254732417757657,0.4659644,0.8544355932712555
2007-11-04 14:30:00,1.4294666666666669,1.3204,1.3372827360085422,1.3793517,0.050114931551615616
2007-11-04 14:45:00,1.3570666666666669,1.4294666666666669,1.6010168440333357,1.4243768,-0.06731017869313538
2007-11-04 15:00:00,1.0285333333333333,1.3570666666666669,1.4939625063173636,1.3688248,-0.3402915062586467
2007-11-04 15:15:00,0.3997333333333333,1.0285333333333333,0.8423831777467409,0.8999522,-0.500218839899699
2007-11-04 15:30:00,1.6585333333333334,0.3997333333333333,0.5006147931773953,0.48340568,1.1751276538689932
2007-11-04 15:45:00,1.0157333333333334,1.6585333333333334,1.621805007585835,1.8213642,-0.8056308310190836
2007-11-04 16:00:00,0.7557333333333334,1.0157333333333334,0.9917091635920319,0.9188581,-0.16312477757136024
2007-11-04 16:15:00,0.8018666666666667,0.7557333333333334,0.8934254182146105,0.8373307,-0.03546403230031325
2007-11-04 16:30:00,0.5938666666666667,0.8018666666666667,1.0083793272224149,1.037044,-0.4431773816426595
2007-11-04 16:45:00,1.6347999999999998,0.5938666666666667,0.8178996497657287,0.84333223,0.7914677689552305
2007-11-04 17:00:00,2.4632,1.6347999999999998,1.7267782432803862,1.7127347,0.7504653007507325
2007-11-04 17:15:00,2.7436000000000003,2.4632,2.497904376822326,2.4267306,0.31686936721801784
2007-11-04 17:30:00,3.1742666666666666,2.7436000000000003,2.4815342617490135,2.5213604,0.6529062693277994
2007-11-04 17:45:00,4.572,3.1742666666666666,2.832262817244565,2.6890929,1.8829071254730225
2007-11-04 18:00:00,5.162266666666667,4.572,3.5744779184034225,3.887428,1.2748386213938394
2007-11-04 18:15:00,4.999866666666667,5.162266666666667,3.9468308376115386,4.2915263,0.7083403490702311
2007-11-04 18:30:00,4.640133333333334,4.999866666666667,4.040726005442673,4.0079026,0.6322307111104335
2007-11-04 18:45:00,2.8848,4.640133333333334,3.9265019020672467,3.9693441,-1.0845441390991213
2007-11-04 19:00:00,2.4158666666666666,2.8848,2.7104792977103624,2.3852043,0.030662351481119732
2007-11-04 19:15:00,4.4348,2.4158666666666666,2.540523562242922,2.427101,2.007699103164673
2007-11-04 19:30:00,1.9817333333333331,4.4348,4.281228319686208,3.7219005,-1.740167129770915
2007-11-04 19:45:00,1.9450666666666667,1.9817333333333331,2.220233608256001,2.2181203,-0.27305366986592605
2007-11-04 20:00:00,1.8190666666666668,1.9450666666666667,2.0780509802138205,2.195364,-0.3762973317464191
2007-11-04 20:15:00,1.9829333333333328,1.8190666666666668,2.07898316436463,2.064704,-0.08177060801188207
2007-11-04 20:30:00,1.8353333333333333,1.9829333333333328,2.410277474297208,2.4632292,-0.627895846048991
2007-11-04 20:45:00,1.7276,1.8353333333333333,1.9160218455673523,1.9751194,-0.24751935234069822
2007-11-04 21:00:00,2.1566666666666667,1.7276,1.755369708914135,1.9274237,0.22924295107523607
2007-11-04 21:15:00,3.992266666666666,2.1566666666666667,2.2701015564633966,2.3692744,1.6229922888437902
2007-11-04 21:30:00,4.508666666666667,3.992266666666666,3.2307604920172155,3.3823147,1.1263519846598307
2007-11-04 21:45:00,3.5801333333333334,4.508666666666667,3.3836513321734385,3.0584908,0.5216425801595053
2007-11-04 22:00:00,1.5748,3.5801333333333334,2.762202469215757,3.130239,-1.5554390098571778
2007-11-04 22:15:00,0.7814666666666666,1.5748,1.4475862971215432,1.5229928,-0.7415261826833089
2007-11-04 22:30:00,0.4985333333333333,0.7814666666666666,1.846934604728856,1.3555729,-0.8570396055857341
2007-11-04 22:45:00,0.3798666666666667,0.4985333333333333,0.8670432381104769,0.7200513,-0.34018462193806964
2007-11-04 23:00:00,0.4048,0.3798666666666667,0.7956308526058666,0.44058764,-0.03578763980865479
2007-11-04 23:15:00,0.4146666666666666,0.4048,0.5079031410069836,0.43332973,-0.018663064559300835
2007-11-04 23:30:00,0.2850666666666666,0.4146666666666666,0.5273679765706363,0.47272572,-0.18765905254681914
2007-11-04 23:45:00,0.4077333333333333,0.2850666666666666,0.41833906143406424,0.35774627,0.04998706005414322
2007-11-05 00:00:00,0.3688,0.4077333333333333,0.34949243030167454,0.35883465,0.00996534590721132
2007-11-05 00:15:00,0.2829333333333333,0.3688,0.3233579963380113,0.33286715,-0.049933812204996764
2007-11-05 00:30:00,0.3712,0.2829333333333333,0.307523842891899,0.30480152,0.06639847631454465
2007-11-05 00:45:00,0.24,0.3712,0.3521358491378212,0.35414687,-0.11414686799049378
2007-11-05 01:00:00,0.3232,0.24,0.269291796783862,0.28049666,0.04270334310531615
2007-11-05 01:15:00,0.3536,0.3232,0.3023260089051241,0.2952984,0.05830160245895388
2007-11-05 01:30:00,0.3154666666666667,0.3536,0.3077118205907406,0.30364612,0.01182054921785991
2007-11-05 01:45:00,0.3098666666666666,0.3154666666666667,0.30739254655182696,0.30432695,0.0055397151629129615
2007-11-05 02:00:00,0.3014666666666666,0.3098666666666666,0.3073559909213168,0.29408178,0.007384889332453348
2007-11-05 02:15:00,0.2737333333333333,0.3014666666666666,0.30627508980442214,0.2911947,-0.017461373821894388
2007-11-05 02:30:00,0.3073333333333333,0.2737333333333333,0.2862974777129008,0.28138307,0.025950265963872232
2007-11-05 02:45:00,0.3690666666666667,0.3073333333333333,0.30496477346059003,0.29313263,0.07593403369585677
2007-11-05 03:00:00,0.2784,0.3690666666666667,0.3130114035445795,0.31133875,-0.03293875250816347
2007-11-05 03:15:00,0.3488,0.2784,0.30767684863035344,0.2956724,0.05312761311531067
2007-11-05 03:30:00,0.2761333333333333,0.3488,0.3032169481502883,0.29976186,-0.023628528229395596
2007-11-05 03:45:00,0.2414666666666666,0.2761333333333333,0.3087943053777583,0.29838994,-0.05692327478726711
2007-11-05 04:00:00,0.3768,0.2414666666666666,0.30054779450865177,0.28438032,0.09241968326568606
2007-11-05 04:15:00,0.2956,0.3768,0.3278607557930722,0.3506414,-0.05504139962196353
2007-11-05 04:30:00,0.3285333333333333,0.2956,0.3041424110636861,0.29725894,0.03127439001401261
2007-11-05 04:45:00,0.3374666666666667,0.3285333333333333,0.2929404569108499,0.29522035,0.042246321407953924
2007-11-05 05:00:00,0.2605333333333333,0.3374666666666667,0.3087953006504185,0.3043055,-0.04377216049830124
2007-11-05 05:15:00,0.2765333333333333,0.2605333333333333,0.3037878217523892,0.30081013,-0.02427679511706038
2007-11-05 05:30:00,0.8282666666666666,0.2765333333333333,0.2849866641427042,0.28707367,0.541192994848887
2007-11-05 05:45:00,1.3862666666666668,0.8282666666666666,1.2444760295572495,1.2070733,0.17919333578745533
2007-11-05 06:00:00,1.3824,1.3862666666666668,1.2195685878492244,1.4895128,-0.10711280117034905
2007-11-05 06:15:00,0.3170666666666666,1.3824,1.0329067799147007,1.2337275,-0.9166607884724935
2007-11-05 06:30:00,0.6782666666666667,0.3170666666666666,0.9315604474290654,0.48259282,0.19567384554545086
2007-11-05 06:45:00,1.7048,0.6782666666666667,1.3966366512488226,1.259055,0.4457449815750123
2007-11-05 07:00:00,1.6476,1.7048,1.704996891757804,1.878032,-0.23043196907043462
2007-11-05 07:15:00,1.2721333333333331,1.6476,1.8280861506015904,1.893958,-0.6218246391932172
2007-11-05 07:30:00,1.5221333333333331,1.2721333333333331,1.306898392593286,1.3329779,0.18915544236501036
2007-11-05 07:45:00,1.3316,1.5221333333333331,1.6508371074126802,1.5997458,-0.2681457504272462
2007-11-05 08:00:00,1.6202666666666663,1.3316,1.3801241888130977,1.3970929,0.22317372824350956
2007-11-05 08:15:00,1.4928,1.6202666666666663,1.8614777753700744,1.7664735,-0.27367353172302256
2007-11-05 08:30:00,1.4385333333333332,1.4928,1.4907726600613764,1.5866561,-0.1481227602640789
2007-11-05 08:45:00,1.5176,1.4385333333333332,1.481452722435841,1.5144798,0.0031202436447144155
2007-11-05 09:00:00,1.4982666666666666,1.5176,1.4960141921661887,1.501498,-0.0032313172658284817
2007-11-05 09:15:00,1.3957333333333333,1.4982666666666666,1.492758030889781,1.5448754,-0.14914205004374192
2007-11-05 09:30:00,1.3433333333333335,1.3957333333333333,1.3722034210831147,1.3618803,-0.01854696909586573
2007-11-05 09:45:00,1.4165333333333332,1.3433333333333335,1.3705083107944287,1.3392144,0.07731888917287177
2007-11-05 10:00:00,1.3801333333333332,1.4165333333333332,1.4234286080694245,1.4001473,-0.020013985506693643
2007-11-05 10:15:00,1.260133333333333,1.3801333333333332,1.3619932824225218,1.3585483,-0.09841495024363223
2007-11-05 10:30:00,1.4297333333333335,1.260133333333333,1.3034981401426557,1.1903175,0.2394158217748008
2007-11-05 10:45:00,1.3349333333333333,1.4297333333333335,1.5311031328358238,1.3730505,-0.03811711794535322
2007-11-05 11:00:00,1.3050666666666666,1.3349333333333333,1.3471230423194498,1.3355442,-0.030477561887105376
2007-11-05 11:15:00,1.4096,1.3050666666666666,1.2556967494918048,1.2563676,0.15323243579864498
2007-11-05 11:30:00,0.2664,1.4096,1.4226614900069572,1.3716106,-1.1052106414794922
2007-11-05 11:45:00,0.2841333333333333,0.2664,0.3740227554651557,0.2830759,0.0010574344476063646
2007-11-05 12:00:00,0.3412,0.2841333333333333,0.3679334339393069,0.28926757,0.05193243021965027
2007-11-05 12:15:00,0.2753333333333333,0.3412,0.37277557529722194,0.32785645,-0.05252311793963116
2007-11-05 12:30:00,0.3314666666666667,0.2753333333333333,0.35403056872321387,0.31793085,0.013535819260279358
2007-11-05 12:45:00,1.1225333333333334,0.3314666666666667,0.3555988792230368,0.32602414,0.7965091884454092
2007-11-05 13:00:00,0.3582666666666666,1.1225333333333334,1.2845517625867264,1.2428272,-0.8845605103810629
2007-11-05 13:15:00,0.9450666666666668,0.3582666666666666,0.4747208547706696,0.4091981,0.5358685613314312
2007-11-05 13:30:00,2.2633333333333336,0.9450666666666668,1.441511373378592,1.2282689,1.0350644715627038
2007-11-05 13:45:00,2.929866666666667,2.2633333333333336,2.1080660814877477,1.7918158,1.138050908915202
2007-11-05 14:00:00,1.4432,2.929866666666667,2.356756994607781,2.0178523,-0.5746523063659668
2007-11-05 14:15:00,0.3924,1.4432,1.5534045378762444,1.2791281,-0.886728074645996
2007-11-05 14:30:00,0.2935999999999999,0.3924,0.49117111675329517,0.49259174,-0.19899173870086678
2007-11-05 14:45:00,1.2570666666666668,0.2935999999999999,0.42302216108151364,0.4089566,0.8481100793520611
2007-11-05 15:00:00,1.5922666666666667,1.2570666666666668,1.6838961204496883,1.7247169,-0.13245023511250809
2007-11-05 15:15:00,0.3208,1.5922666666666667,1.6728947641833536,1.6799428,-1.3591428462982178
2007-11-05 15:30:00,0.3484,0.3208,0.39615171703611796,0.3620036,-0.013603594636917127
2007-11-05 15:45:00,0.2478666666666666,0.3484,0.4198313566171044,0.40940443,-0.16153776014645901
2007-11-05 16:00:00,0.2681333333333333,0.2478666666666666,0.3648382633399187,0.3190814,-0.050948062531153415
2007-11-05 16:15:00,0.3250666666666666,0.2681333333333333,0.34010919927389255,0.33058688,-0.005520213778813732
2007-11-05 16:30:00,0.2814666666666667,0.3250666666666666,0.33300387726593317,0.3439181,-0.06245144823392229
2007-11-05 16:45:00,0.2784,0.2814666666666667,0.3348161201612277,0.32756737,-0.04916736874580385
2007-11-05 17:00:00,0.3836,0.2784,0.3497159206961188,0.39341688,-0.0098168815612793
2007-11-05 17:15:00,0.7674666666666667,0.3836,0.5136872409777485,0.47970873,0.28775793549219775
2007-11-05 17:30:00,1.3229333333333335,0.7674666666666667,1.2999812077073796,1.217718,0.10521532815297463
2007-11-05 17:45:00,2.0685333333333333,1.3229333333333335,1.4417355868879451,1.4495178,0.6190154872258504
2007-11-05 18:00:00,2.014533333333333,2.0685333333333333,2.2194560953672324,2.4313538,-0.41682047411600776
2007-11-05 18:15:00,1.9114666666666664,2.014533333333333,2.1783195101398847,2.2795684,-0.36810176709493025
2007-11-05 18:30:00,1.9625333333333328,1.9114666666666664,1.7858546389399301,2.025916,-0.06338276621500705
2007-11-05 18:45:00,2.5652,1.9625333333333328,1.9299904860326111,2.1745384,0.39066162605285637
2007-11-05 19:00:00,2.6982666666666666,2.5652,2.4991980094824893,2.5244038,0.17386285616556796
2007-11-05 19:15:00,2.243733333333333,2.6982666666666666,2.615344419387035,2.535972,-0.2922387850443524
2007-11-05 19:30:00,1.4678666666666669,2.243733333333333,2.1054895607760966,2.2888105,-0.8209438248952228
2007-11-05 19:45:00,1.5177333333333334,1.4678666666666669,1.637177156211356,1.5317183,-0.01398492075602209
2007-11-05 20:00:00,1.51,1.5177333333333334,1.6645054678019358,1.8439233,-0.3339233303070068
2007-11-05 20:15:00,1.4184,1.51,1.6190867821313426,1.8715878,-0.45318775329589833
2007-11-05 20:30:00,2.369466666666667,1.4184,1.5675050348914423,1.7646861,0.6047805590311688
2007-11-05 20:45:00,1.9710666666666663,2.369466666666667,2.3336348503556525,2.4300632,-0.45899658101399776
2007-11-05 21:00:00,2.0268,1.9710666666666663,1.7617107431529748,1.9197791,0.10702093772888199
2007-11-05 21:15:00,1.2929333333333333,2.0268,2.1272099270336495,2.1002057,-0.8072723265329997
2007-11-05 21:30:00,1.4294666666666669,1.2929333333333333,1.371746975844373,1.5341094,-0.10464268735249815
2007-11-05 21:45:00,1.9698666666666669,1.4294666666666669,1.7491996947090964,2.027537,-0.05767044080098449
2007-11-05 22:00:00,1.7981333333333334,1.9698666666666669,1.9940537126687752,2.0022702,-0.20413688837687172
2007-11-05 22:15:00,1.5409333333333337,1.7981333333333334,1.6784811620274263,1.6164972,-0.07556382567087772
2007-11-05 22:30:00,1.5168,1.5409333333333337,1.512806615210664,1.4547662,0.06203384571075432
2007-11-05 22:45:00,1.16,1.5168,1.4161664773088927,1.4430343,-0.2830342912673951
2007-11-05 23:00:00,1.4846666666666666,1.16,1.187047973812018,0.95430017,0.530366501490275
2007-11-05 23:15:00,0.9397333333333332,1.4846666666666666,1.6412326865098874,1.5692351,-0.6295017531077068
2007-11-05 23:30:00,1.3632,0.9397333333333332,0.8612981411125201,0.7331102,0.6300898105621338
2007-11-05 23:45:00,2.0374666666666665,1.3632,1.2712173734545433,1.2735058,0.7639608597437539
2007-11-06 00:00:00,2.352533333333333,2.0374666666666665,2.144990324761827,1.7780803,0.5744529891331989
2007-11-06 00:15:00,1.7090666666666663,2.352533333333333,2.18269737307191,1.8279376,-0.11887093633015988
2007-11-06 00:30:00,0.9377333333333332,1.7090666666666663,1.4509415409744364,1.4225574,-0.4848240206400555
2007-11-06 00:45:00,1.3032,0.9377333333333332,0.755241635742508,0.74957323,0.5536267692565917
2007-11-06 01:00:00,0.7582666666666668,1.3032,1.3374778297826249,1.2489179,-0.4906512706120808
2007-11-06 01:15:00,1.4096000000000002,0.7582666666666668,0.518504346360915,0.29178485,1.1178151472568514
2007-11-06 01:30:00,0.9432,1.4096000000000002,1.455935149569359,1.3309875,-0.3877874534606933
2007-11-06 01:45:00,1.214,0.9432,0.6610477020193274,0.49281976,0.721180243730545
2007-11-06 02:00:00,1.2293333333333334,1.214,1.4048567855406642,0.95301235,0.2763209861119589
2007-11-06 02:15:00,0.9678666666666668,1.2293333333333334,1.1003019799546854,0.94883966,0.01902700220743825
2007-11-06 02:30:00,1.348666666666667,0.9678666666666668,0.7537718635313239,0.4678956,0.8807710694471997
2007-11-06 02:45:00,0.7330666666666666,1.348666666666667,1.130314187264663,1.0890203,-0.35595358556111656
2007-11-06 03:00:00,1.3777333333333333,0.7330666666666666,0.5961097029036864,0.2618834,1.1158499255021412
2007-11-06 03:15:00,0.7525333333333334,1.3777333333333333,1.372423327083643,1.2368197,-0.48428641077677403
2007-11-06 03:30:00,1.3325333333333331,0.7525333333333334,0.617246925529949,0.2696919,1.062841419013341
2007-11-06 03:45:00,0.9954666666666668,1.3325333333333331,1.288465532704176,1.1559113,-0.1604446597417194
2007-11-06 04:00:00,0.7989333333333334,0.9954666666666668,0.6954827212522103,0.5713568,0.22757655995686854
2007-11-06 04:15:00,0.2428,0.7989333333333334,0.7418142149625971,0.65561825,-0.4128182503700256
2007-11-06 04:30:00,0.3317333333333333,0.2428,0.29220505816641995,0.28032833,0.05140499995549519
2007-11-06 04:45:00,0.2514666666666666,0.3317333333333333,0.29609755714647856,0.25954667,-0.008080000670750986
2007-11-06 05:00:00,0.2677333333333333,0.2514666666666666,0.29624541629251155,0.29344973,-0.02571639634768169
2007-11-06 05:15:00,0.3882666666666666,0.2677333333333333,0.295465413858399,0.29850408,0.089762582317988
2007-11-06 05:30:00,0.2512,0.3882666666666666,0.37915542630747195,0.36893243,-0.11773242597579958
2007-11-06 05:45:00,0.3177333333333333,0.2512,0.3048840275539306,0.32440343,-0.006670101658503236
2007-11-06 06:00:00,0.2853333333333333,0.3177333333333333,0.49739788027104576,0.6442022,-0.35886883942286174
2007-11-06 06:15:00,0.2225333333333333,0.2853333333333333,0.6613427963909586,0.67036325,-0.44782991406122846
2007-11-06 06:30:00,1.9465333333333332,0.2225333333333333,0.44631501225489617,0.5507598,1.3957735410054524
2007-11-06 06:45:00,0.9850666666666666,1.9465333333333332,1.6871881190176146,1.7434318,-0.7583651398976644
2007-11-06 07:00:00,0.4918666666666667,0.9850666666666666,1.2511583777847088,0.95799834,-0.46613166869481404
2007-11-06 07:15:00,0.732,0.4918666666666667,0.6710436706632623,0.72375757,0.008242434978485091
2007-11-06 07:30:00,1.5685333333333331,0.732,1.464795221508827,1.2860234,0.28250995496114073
2007-11-06 07:45:00,2.5412000000000003,1.5685333333333331,1.7151224342604567,1.8710577,0.6701422512054447
2007-11-06 08:00:00,2.853333333333333,2.5412000000000003,2.195835591412433,1.8061925,1.0471408160527544
2007-11-06 08:15:00,1.474,2.853333333333333,2.331844744818053,2.055303,-0.5813030967712403
2007-11-06 08:30:00,1.6196,1.474,1.449391692841958,1.3976469,0.2219530960083007
2007-11-06 08:45:00,3.4229333333333334,1.6196,1.9398995073108238,1.8228728,1.6000605754216513
2007-11-06 09:00:00,1.3573333333333333,3.4229333333333334,2.566307255900518,2.3541145,-0.9967811991373698
2007-11-06 09:15:00,1.4313333333333331,1.3573333333333333,1.1778732332800703,1.2944869,0.13684645303090393
2007-11-06 09:30:00,1.2494666666666667,1.4313333333333331,1.6385757517629387,1.5236157,-0.2741490512212117
2007-11-06 09:45:00,2.7494666666666663,1.2494666666666667,1.3654216072634267,1.2713535,1.478113183466593
2007-11-06 10:00:00,1.7138666666666669,2.7494666666666663,2.3967956889945357,2.0981412,-0.3842745267232257
2007-11-06 10:15:00,1.4169333333333334,1.7138666666666669,1.581788134410722,1.5418938,-0.12496050650278723
2007-11-06 10:30:00,1.514133333333333,1.4169333333333334,1.4368346064534754,1.466861,0.04727232373555479
2007-11-06 10:45:00,4.488266666666666,1.514133333333333,1.501242854098478,1.6100763,2.878190358416239
2007-11-06 11:00:00,2.3585333333333334,4.488266666666666,3.622671068493096,3.2137156,-0.855182219950358
2007-11-06 11:15:00,1.6878666666666668,2.3585333333333334,2.374150963625981,1.9948978,-0.3070311757405597
2007-11-06 11:30:00,4.321466666666667,1.6878666666666668,1.6164897370317945,1.5488904,2.7725763144175213
2007-11-06 11:45:00,3.3286666666666664,4.321466666666667,3.7288298466025203,3.1625564,0.166110256830851
2007-11-06 12:00:00,2.0090666666666666,3.3286666666666664,2.8830960923589477,2.7442856,-0.7352189168294272
2007-11-06 12:15:00,3.17,2.0090666666666666,1.813113071099697,1.8007649,1.3692350816726684
2007-11-06 12:30:00,2.9138666666666664,3.17,2.398886014054932,2.3084183,0.6054483927408851
2007-11-06 12:45:00,3.1166666666666667,2.9138666666666664,2.9436941081585557,2.2295368,0.8871298948923747
2007-11-06 13:00:00,2.8724,3.1166666666666667,2.8211348238770273,2.4410431,0.4313568614959715
2007-11-06 13:15:00,1.5154666666666663,2.8724,2.8431933056483145,2.3955095,-0.8800428147633874
2007-11-06 13:30:00,1.3897333333333333,1.5154666666666663,1.4814169867197535,1.4129958,-0.023262481943766344
2007-11-06 13:45:00,1.3677333333333332,1.3897333333333333,1.5042407323419695,1.5269777,-0.1592443249384563
2007-11-06 14:00:00,1.4144,1.3677333333333332,1.5272775007878199,1.528725,-0.1143250280380248
2007-11-06 14:15:00,1.5524,1.4144,1.542980579863986,1.6056247,-0.05322467575073242
2007-11-06 14:30:00,1.3716000000000002,1.5524,1.5525152309111538,1.5836364,-0.21203640308380112
2007-11-06 14:45:00,1.4002666666666668,1.3716000000000002,1.3595548360408838,1.3346792,0.06558742071787527
2007-11-06 15:00:00,1.4114666666666666,1.4002666666666668,1.3842770272965021,1.3535111,0.05795557161966958
2007-11-06 15:15:00,1.3697333333333332,1.4114666666666666,1.4320786616556194,1.3965733,-0.026839971796671636
2007-11-06 15:30:00,1.5538666666666667,1.3697333333333332,1.351370364755155,1.3286605,0.22520617853800462
2007-11-06 15:45:00,1.3984,1.5538666666666667,1.5800762097663346,1.5647128,-0.16631276283264151
2007-11-06 16:00:00,0.8941333333333333,1.3984,1.3623407248482393,1.3187621,-0.4246287306467692
2007-11-06 16:15:00,0.4469333333333333,0.8941333333333333,0.7447044389015233,0.6921517,-0.24521839195887252
2007-11-06 16:30:00,0.3272,0.4469333333333333,0.6215887948508688,0.5083355,-0.1811354711532593
2007-11-06 16:45:00,0.4118666666666666,0.3272,0.38819521177816396,0.36356196,0.0483047085920969
2007-11-06 17:00:00,0.4597333333333333,0.4118666666666666,0.5263730930448283,0.4545451,0.005188222869237258
2007-11-06 17:15:00,0.9924,0.4597333333333333,0.5730103956409931,0.5917105,0.4006894921302795
2007-11-06 17:30:00,1.0662666666666667,0.9924,1.4616260766043447,1.4182247,-0.35195802567799883
2007-11-06 17:45:00,1.0588000000000002,1.0662666666666667,1.8172497790722344,1.0552832,0.0035168111801149315
2007-11-06 18:00:00,1.6481333333333337,1.0588000000000002,1.7603625798537468,1.2920731,0.3560602027257287
2007-11-06 18:15:00,1.6924,1.6481333333333337,1.8847974288946707,1.9318264,-0.2394263530731202
2007-11-06 18:30:00,1.7024,1.6924,1.8087243052321682,1.9010633,-0.19866332302093515
2007-11-06 18:45:00,2.359866666666667,1.7024,1.8109589705822224,1.8819109,0.47795574652353956
2007-11-06 19:00:00,2.8878666666666666,2.359866666666667,2.45574482596058,2.4279563,0.459910323969523
2007-11-06 19:15:00,1.4660000000000002,2.8878666666666666,2.8796386422413036,2.7848132,-1.3188131656646727
2007-11-06 19:30:00,2.0906666666666665,1.4660000000000002,1.5158567631190456,1.471802,0.6188646704355873
2007-11-06 19:45:00,3.886933333333333,2.0906666666666665,2.25552221205229,2.1761217,1.7108116216023759
2007-11-06 20:00:00,3.543066666666667,3.886933333333333,3.514188779219603,3.532007,0.011059687678019348
2007-11-06 20:15:00,2.3234666666666666,3.543066666666667,3.222153614582151,3.1510212,-0.8275545754750571
2007-11-06 20:30:00,1.756133333333333,2.3234666666666666,2.1122776279846196,1.7880259,-0.031892522684733304
2007-11-06 20:45:00,0.7005333333333333,1.756133333333333,1.66129090835017,1.6618572,-0.9613239140192668
2007-11-06 21:00:00,1.108933333333333,0.7005333333333333,0.8445363577679237,0.89051133,0.21842199939091977
2007-11-06 21:15:00,0.9008,1.108933333333333,2.288978669560432,2.205696,-1.3048961059570312
2007-11-06 21:30:00,0.7744,0.9008,1.074900165386065,1.190599,-0.41619896469116213
2007-11-06 21:45:00,0.7748,0.7744,0.8903452160146519,0.97873676,-0.20393675823211665
2007-11-06 22:00:00,0.9406666666666668,0.7748,0.8945351169973658,0.8401331,0.10053359572092702
2007-11-06 22:15:00,0.9574666666666668,0.9406666666666668,1.1641169600825252,1.072842,-0.11537533524831123
2007-11-06 22:30:00,0.3816,0.9574666666666668,1.4890319910368668,0.8964586,-0.5148586257934571
2007-11-06 22:45:00,0.3916,0.3816,0.4878973217648872,0.44195172,-0.050351721906661984
2007-11-06 23:00:00,0.3310666666666666,0.3916,0.5020707210597023,0.45801428,-0.1269476129372915
2007-11-06 23:15:00,0.3764,0.3310666666666666,0.4010881816756067,0.3671666,0.009233391427993787
2007-11-06 23:30:00,0.3332,0.3764,0.5151612104986583,0.4634739,-0.1302738862514496
2007-11-06 23:45:00,0.2910666666666667,0.3332,0.42436393329787053,0.3897862,-0.09871954696973162
2007-11-07 00:00:00,0.3933333333333333,0.2910666666666667,0.3077663838871384,0.32771227,0.0656210656960805
2007-11-07 00:15:00,0.3828,0.3933333333333333,0.3687347761129006,0.3676471,0.015152888584136937
2007-11-07 00:30:00,0.3109333333333334,0.3828,0.3341261903111315,0.38315463,-0.07222129732767735
2007-11-07 00:45:00,0.3702666666666667,0.3109333333333334,0.3065892973643935,0.31506902,0.05519764687220258
2007-11-07 01:00:00,0.2189333333333333,0.3702666666666667,0.32635846182333983,0.3287831,-0.10984976154963177
2007-11-07 01:15:00,0.3048,0.2189333333333333,0.2983690806551381,0.29813537,0.006664629983901993
2007-11-07 01:30:00,0.2773333333333333,0.3048,0.3018700490237952,0.29897627,-0.021642939011255913
2007-11-07 01:45:00,0.6154666666666666,0.2773333333333333,0.30554416988961747,0.30484053,0.3106261317412058
2007-11-07 02:00:00,1.4008,0.6154666666666666,1.1751803058514285,0.9990605,0.40173948841094975
2007-11-07 02:15:00,1.3322666666666667,1.4008,1.3198946580076667,1.2583766,0.07389006830851241
2007-11-07 02:30:00,0.4157333333333333,1.3322666666666667,0.8722598202660388,0.88823426,-0.4725009243647258
2007-11-07 02:45:00,0.3034666666666667,0.4157333333333333,0.3806835953425751,0.22630951,0.07715715858141586
2007-11-07 03:00:00,0.2513333333333333,0.3034666666666667,0.2994622546338772,0.2920093,-0.04067596069971724
2007-11-07 03:15:00,0.3193333333333333,0.2513333333333333,0.2916622623314157,0.28408977,0.03524355943997698
2007-11-07 03:30:00,0.3378666666666667,0.3193333333333333,0.2987545343581353,0.26197088,0.0758957890192668
2007-11-07 03:45:00,0.2614666666666666,0.3378666666666667,0.30644008735766,0.30809808,-0.046631411107381227
2007-11-07 04:00:00,0.244,0.2614666666666666,0.3044997705339649,0.31491163,-0.0709116337299347
2007-11-07 04:15:00,0.3086666666666666,0.244,0.3035442256598236,0.2936486,0.015018066088358484
2007-11-07 04:30:00,0.2552,0.3086666666666666,0.30264686661416074,0.28532675,-0.030126749086380022
2007-11-07 04:45:00,0.3096,0.2552,0.3018925521419586,0.29619262,0.013407383775711046
2007-11-07 05:00:00,0.3549333333333333,0.3096,0.30548793516919376,0.29138333,0.06355000727971394
2007-11-07 05:15:00,0.2224,0.3549333333333333,0.348012904654158,0.3175407,-0.09514070520401002
2007-11-07 05:30:00,0.2752,0.2224,0.30597656587087413,0.29778957,-0.022589573669433594
2007-11-07 05:45:00,0.3082666666666666,0.2752,0.30548793516919376,0.29161072,0.016655948893229078
2007-11-07 06:00:00,0.2264,0.3082666666666666,0.4780272325646547,0.59682214,-0.3704221426010132
2007-11-07 06:15:00,0.3470666666666667,0.2264,0.5165426338094545,0.58899695,-0.24193028014500934
2007-11-07 06:30:00,1.5072,0.3470666666666667,0.5353398908441905,0.67465067,0.8325493309020997
2007-11-07 06:45:00,2.1936000000000004,1.5072,1.7581946801831316,1.8761005,0.3174994598388676
2007-11-07 07:00:00,1.976,2.1936000000000004,2.1503774401781395,2.0545688,-0.07856876754760744
2007-11-07 07:15:00,2.1762666666666663,1.976,1.9036189760092617,1.8744367,0.3018299305597938
2007-11-07 07:30:00,2.119066666666667,2.1762666666666663,2.1424993743640712,2.0486262,0.0704404822031659
2007-11-07 07:45:00,1.6101333333333334,2.119066666666667,2.0394116853481656,1.8588293,-0.2486959265391031
2007-11-07 08:00:00,1.36,1.6101333333333334,1.5534444276567065,1.5947021,-0.234702124595642
2007-11-07 08:15:00,1.412,1.36,1.4753463536333808,1.502943,-0.09094303894042977
2007-11-07 08:30:00,1.4061333333333332,1.412,1.4736073557003035,1.6161765,-0.2100431526819866
2007-11-07 08:45:00,1.3616,1.4061333333333332,1.4218079561670185,1.4593425,-0.09774247970581063
2007-11-07 09:00:00,1.4129333333333334,1.3616,1.4143622177574389,1.4055165,0.0074168280919393315
2007-11-07 09:15:00,1.4077333333333333,1.4129333333333334,1.4271060538459246,1.4269735,-0.019240128771464082
2007-11-07 09:30:00,1.4382666666666668,1.4077333333333333,1.4374857956859928,1.3977286,0.0405381043116253
2007-11-07 09:45:00,1.4222666666666666,1.4382666666666668,1.5098929234032312,1.4884038,-0.06613713048299164
2007-11-07 10:00:00,1.4078666666666666,1.4222666666666666,1.4794498542448649,1.4397348,-0.031868149884541896
2007-11-07 10:15:00,1.3414666666666666,1.4078666666666666,1.4568059931957291,1.433768,-0.09230136731465666
2007-11-07 10:30:00,1.2446666666666668,1.3414666666666666,1.3890129325001817,1.3697356,-0.12506893189748114
2007-11-07 10:45:00,0.2657333333333333,1.2446666666666668,1.3356608231662248,1.198701,-0.9329676907221476
2007-11-07 11:00:00,0.3179999999999999,0.2657333333333333,0.3865531733243003,0.30307713,0.01492286849021901
2007-11-07 11:15:00,0.4416,0.3179999999999999,0.3985115588792432,0.3649696,0.07663038883209228
2007-11-07 11:30:00,0.2801333333333333,0.4416,0.5670725474063648,0.5270871,-0.24695375906626388
2007-11-07 11:45:00,0.4845333333333333,0.2801333333333333,0.3804486463668107,0.3415375,0.14299582794507343
2007-11-07 12:00:00,0.5166666666666667,0.4845333333333333,0.7448046672700528,0.61863285,-0.10196618636449173
2007-11-07 12:15:00,0.6154666666666666,0.5166666666666667,0.6488038103931305,0.632793,-0.01732634261449184
2007-11-07 12:30:00,0.5073333333333333,0.6154666666666666,0.9532461916248625,0.8709386,-0.36360526577631636
2007-11-07 12:45:00,1.5150666666666666,0.5073333333333333,0.5914791647458393,0.6294914,0.8855752778689066
2007-11-07 13:00:00,1.4424,1.5150666666666666,1.9396430895568364,1.701472,-0.25907204399108896
2007-11-07 13:15:00,0.5146666666666666,1.4424,1.5025598796430435,1.4781083,-0.9634416201909384
2007-11-07 13:30:00,0.5713333333333334,0.5146666666666666,0.5420445920258964,0.43084562,0.14048771508534752
2007-11-07 13:45:00,0.4777333333333333,0.5713333333333334,0.7935076502599329,0.72516865,-0.2474353120485942
2007-11-07 14:00:00,1.4166666666666667,0.4777333333333333,0.5656957940844075,0.57101244,0.8456542293230693
2007-11-07 14:15:00,1.7701333333333331,1.4166666666666667,1.475661290223943,1.4495673,0.32056601537068663
2007-11-07 14:30:00,0.3756,1.7701333333333331,1.9968780846013565,1.7949706,-1.4193706315994263
2007-11-07 14:45:00,0.4122666666666666,0.3756,0.5190592159215855,0.43482122,-0.022554551585515392
2007-11-07 15:00:00,0.4165333333333333,0.4122666666666666,0.5202935951319837,0.47546253,-0.05892919274965924
2007-11-07 15:15:00,0.3074666666666666,0.4165333333333333,0.5150685263063083,0.44563138,-0.13816471818288173
2007-11-07 15:30:00,0.3248,0.3074666666666666,0.4730128140372749,0.45479682,-0.12999682087898257
2007-11-07 15:45:00,0.3118666666666667,0.3248,0.41363764174414824,0.3805977,-0.06873104394276935
2007-11-07 16:00:00,0.3684,0.3118666666666667,0.4216084803771318,0.38312897,-0.014728970861434931
2007-11-07 16:15:00,0.4058666666666666,0.3684,0.4713414783492624,0.41373092,-0.007864252694447904
2007-11-07 16:30:00,3.2337333333333333,0.4058666666666666,0.5474876637408097,0.4674175,2.7663158249696096
2007-11-07 16:45:00,3.1629333333333336,3.2337333333333333,2.7596271477196046,2.4536548,0.7092785672505699
2007-11-07 17:00:00,2.9885333333333337,3.1629333333333336,2.819457085651101,2.650448,0.33808524945577023
2007-11-07 17:15:00,2.2182666666666666,2.9885333333333337,2.691535801540232,2.634633,-0.4163663976033529
2007-11-07 17:30:00,1.5753333333333333,2.2182666666666666,2.135841817478743,2.0719013,-0.49656798807779956
2007-11-07 17:45:00,1.5282666666666669,1.5753333333333333,1.580921400089605,1.5519179,-0.023651243909199815
2007-11-07 18:00:00,1.7733333333333334,1.5282666666666669,1.6422199550051264,1.8282123,-0.054878927866617744
2007-11-07 18:15:00,2.378133333333333,1.7733333333333334,1.967877071812851,2.131752,0.24638131917317674
2007-11-07 18:30:00,5.184266666666667,2.378133333333333,2.4892307632229778,2.5445964,2.6396702330271404
2007-11-07 18:45:00,5.827866666666667,5.184266666666667,3.8219345745574858,4.036064,1.7918025187174482
2007-11-07 19:00:00,5.150533333333333,5.827866666666667,4.310183124337468,4.6868353,0.4636980443318679
2007-11-07 19:15:00,4.447333333333333,5.150533333333333,4.380021647571461,4.139349,0.3079843495686845
2007-11-07 19:30:00,2.5077333333333334,4.447333333333333,3.935581968739738,3.762567,-1.25483370997111
2007-11-07 19:45:00,1.7898666666666665,2.5077333333333334,2.7937467983128794,2.3347912,-0.5449245168050132
2007-11-07 20:00:00,1.4445333333333332,1.7898666666666665,1.7944548256259727,1.7735459,-0.32901252791086844
2007-11-07 20:15:00,2.493466666666667,1.4445333333333332,1.78815669034723,1.9289584,0.5645082506815595
2007-11-07 20:30:00,3.9892,2.493466666666667,2.8546895540466033,3.3987138,0.5904861728668211
2007-11-07 20:45:00,2.622133333333333,3.9892,3.3765372278104233,3.5904667,-0.9683334044138592
2007-11-07 21:00:00,2.31,2.622133333333333,2.3778505967289627,2.479725,-0.16972488403320307
2007-11-07 21:15:00,3.603733333333333,2.31,2.0259840304232526,2.04787,1.5558634126027422
2007-11-07 21:30:00,2.486533333333333,3.603733333333333,3.1640581108292944,3.194048,-0.7075145945231123
2007-11-07 21:45:00,1.726,2.486533333333333,2.335091454443977,2.2723927,-0.546392749786377
2007-11-07 22:00:00,1.2164,1.726,1.4938741272246472,1.3970282,-0.18062820777893074
2007-11-07 22:15:00,1.0109333333333332,1.2164,1.4882013293564667,1.1884667,-0.17753333479563405
2007-11-07 22:30:00,1.3193333333333332,1.0109333333333332,1.184962325881036,0.96033704,0.35899629052480053
2007-11-07 22:45:00,1.4333333333333331,1.3193333333333332,1.3336213555414467,1.2763861,0.15694719155629455
2007-11-07 23:00:00,1.4106666666666667,1.4333333333333331,1.3568343034944568,1.3627691,0.04789753977457689
2007-11-07 23:15:00,0.4009333333333333,1.4106666666666667,1.2367643929350194,1.262188,-0.8612546244303385
2007-11-07 23:30:00,0.2541333333333334,0.4009333333333333,0.4740256881617759,0.43050364,-0.17637030326525366
2007-11-07 23:45:00,0.3118666666666667,0.2541333333333334,0.37824535923846936,0.30148584,0.010380830160776788
2007-11-08 00:00:00,0.378,0.3118666666666667,0.29655351702780747,0.2768671,0.1011329083442688
2007-11-08 00:15:00,0.2422666666666666,0.378,0.32207770537285335,0.34987462,-0.10760794900258389
2007-11-08 00:30:00,0.2750666666666667,0.2422666666666666,0.2997709769182862,0.29540953,-0.020342863734563177
2007-11-08 00:45:00,0.3310666666666667,0.2750666666666667,0.3032718078497265,0.29359642,0.037470249954859425
2007-11-08 01:00:00,0.2394666666666666,0.3310666666666667,0.30450881357926113,0.30108565,-0.061618984254201314
2007-11-08 01:15:00,0.2914666666666666,0.2394666666666666,0.2873092680101349,0.28594965,0.0055170192400613716
2007-11-08 01:30:00,0.4002666666666666,0.2914666666666666,0.3037277677310555,0.2923257,0.1079409613768259
2007-11-08 01:45:00,0.2425333333333333,0.4002666666666666,0.3069807060828711,0.34601003,-0.10347669598261519
2007-11-08 02:00:00,0.2894666666666667,0.2425333333333333,0.30214246683389223,0.28984973,-0.00038306167920426626
2007-11-08 02:15:00,0.3252,0.2894666666666667,0.3032718078497265,0.29038087,0.03481913466453551
2007-11-08 02:30:00,0.2384,0.3252,0.3058646747296316,0.30028725,-0.06188724670410156
2007-11-08 02:45:00,0.2906666666666667,0.2384,0.2997709769182862,0.29617465,-0.005507978757222476
2007-11-08 03:00:00,0.3861333333333333,0.2906666666666667,0.3037277677310555,0.2899358,0.09619753588040664
2007-11-08 03:15:00,0.2508,0.3861333333333333,0.3123123117140474,0.34362012,-0.0928201214790344
2007-11-08 03:30:00,0.2996,0.2508,0.30198193597819356,0.29670575,0.002894247388839699
2007-11-08 03:45:00,0.3085333333333333,0.2996,0.304627669000097,0.28875396,0.019779376777013136
2007-11-08 04:00:00,0.2409333333333333,0.3085333333333333,0.3073559909213168,0.29480058,-0.053867246214548775
2007-11-08 04:15:00,0.3025333333333334,0.2409333333333333,0.30054779450865177,0.2877161,0.014817242654164675
2007-11-08 04:30:00,0.3428,0.3025333333333334,0.3032718078497265,0.29065785,0.052142151880264276
2007-11-08 04:45:00,0.2781333333333333,0.3428,0.3052710845289036,0.29934052,-0.021207182995478358
2007-11-08 05:00:00,0.3070666666666666,0.2781333333333333,0.30698347961871914,0.3058151,0.001251565996805759
2007-11-08 05:15:00,0.294,0.3070666666666666,0.30730398445873325,0.29952368,-0.005523681402206437
2007-11-08 05:30:00,0.2389333333333333,0.294,0.3073579396020664,0.29502738,-0.05609404188791914
2007-11-08 05:45:00,0.3205333333333333,0.2389333333333333,0.30429505872488327,0.29570156,0.024831769975026396
2007-11-08 06:00:00,0.298,0.3205333333333333,0.4550486033295186,0.5861082,-0.28810820770263673
2007-11-08 06:15:00,0.3896,0.298,0.5305534951612547,0.60039246,-0.21079246082305908
2007-11-08 06:30:00,0.3181333333333333,0.3896,0.9113329513805986,0.8140446,-0.49591126143137615
2007-11-08 06:45:00,1.1816,0.3181333333333333,0.5884711167604473,0.66908026,0.5125197425842285
2007-11-08 07:00:00,0.9034666666666666,1.1816,1.34731955271895,1.5219691,-0.6185024133046468
2007-11-08 07:15:00,0.6265333333333333,0.9034666666666666,1.1637330025763633,1.0099396,-0.3834062180201213
2007-11-08 07:30:00,2.168266666666667,0.6265333333333333,1.1260413381799792,1.0063087,1.16195799185435
2007-11-08 07:45:00,1.7204000000000002,2.168266666666667,1.98675580820601,1.7553508,-0.034950828170776216
2007-11-08 08:00:00,2.17,1.7204000000000002,1.612475170726488,1.6703557,0.49964432239532464
2007-11-08 08:15:00,2.160266666666667,2.17,2.169327552221307,1.803047,0.35721972490946463
2007-11-08 08:30:00,1.7637333333333334,2.160266666666667,2.016717803250296,1.8116187,-0.0478853523890177
2007-11-08 08:45:00,1.578,1.7637333333333334,1.721968822832394,1.6764561,-0.0984560937881469
2007-11-08 09:00:00,1.4784,1.578,1.6672002791981138,1.7368007,-0.25840067062377936
2007-11-08 09:15:00,1.5717333333333334,1.4784,1.5811728461745806,1.6524235,-0.08069016768137605
2007-11-08 09:30:00,1.6103999999999998,1.5717333333333334,1.6610030167330743,1.6971198,-0.08671983203887956
2007-11-08 09:45:00,1.4661333333333333,1.6103999999999998,1.6963927831744194,1.7362503,-0.27011694800059005
2007-11-08 10:00:00,1.6474666666666666,1.4661333333333333,1.4867161700919795,1.4394699,0.20799673315683997
2007-11-08 10:15:00,1.6610666666666667,1.6474666666666666,1.9353148690522113,1.7753773,-0.11431060689290362
2007-11-08 10:30:00,1.5117333333333334,1.6610666666666667,1.8215887673805529,1.7675549,-0.2558215458552042
2007-11-08 10:45:00,1.5834666666666666,1.5117333333333334,1.495408688549478,1.5111003,0.07236637446085603
2007-11-08 11:00:00,1.649333333333333,1.5834666666666666,1.565470777810555,1.5662217,0.0831116193135577
2007-11-08 11:15:00,1.4865333333333333,1.649333333333333,1.7744277505267068,1.7411526,-0.2546193108240764
2007-11-08 11:30:00,1.588,1.4865333333333333,1.521724381052272,1.5220356,0.06596440124511727
2007-11-08 11:45:00,1.3245333333333331,1.588,1.6264647815448234,1.5889144,-0.264381061045329
2007-11-08 12:00:00,0.8310666666666666,1.3245333333333331,1.3749580254915725,1.3441406,-0.5130739821751913
2007-11-08 12:15:00,0.4673333333333333,0.8310666666666666,0.7220337848988656,0.6359244,-0.16859106556574505
2007-11-08 12:30:00,0.4090666666666667,0.4673333333333333,0.5529128953691549,0.5393065,-0.13023985474904376
2007-11-08 12:45:00,0.2846666666666667,0.4090666666666667,0.5008479063356357,0.46828306,-0.1836163905461629
2007-11-08 13:00:00,0.3498666666666666,0.2846666666666667,0.38306551958530194,0.3149297,0.03493697272936497
2007-11-08 13:15:00,0.3449333333333333,0.3498666666666666,0.40873695975317886,0.38813984,-0.04320651060740155
2007-11-08 13:30:00,0.2642666666666667,0.3449333333333333,0.41530111037212725,0.39627743,-0.13201076100667314
2007-11-08 13:45:00,0.3548,0.2642666666666667,0.3490293108151338,0.3357511,0.01904891352653504
2007-11-08 14:00:00,0.3906666666666666,0.3548,0.4395966109216407,0.37182572,0.018840941826502422
2007-11-08 14:15:00,0.3165333333333333,0.3906666666666666,0.5608067216615416,0.45804626,-0.14151292416254685
2007-11-08 14:30:00,0.3469333333333333,0.3165333333333333,0.411572362719847,0.38473484,-0.037801505867640195
2007-11-08 14:45:00,0.3578666666666666,0.3469333333333333,0.40702924281042463,0.38482213,-0.02695546353658046
2007-11-08 15:00:00,0.2665333333333333,0.3578666666666666,0.4741420017015611,0.42820448,-0.16167114350001022
2007-11-08 15:15:00,0.3376,0.2665333333333333,0.3968137206071684,0.3297184,0.007881589031219494
2007-11-08 15:30:00,0.3714666666666666,0.3376,0.39935078107634,0.34630856,0.02515810748736058
2007-11-08 15:45:00,0.3436,0.3714666666666666,0.49494193019161864,0.44568956,-0.1020895589828491
2007-11-08 16:00:00,0.3368,0.3436,0.40174459416263064,0.37187642,-0.035076418590545666
2007-11-08 16:15:00,0.3672,0.3368,0.4046531981701487,0.3772308,-0.01003079323768613
2007-11-08 16:30:00,0.2693333333333333,0.3672,0.48907856454115584,0.42092735,-0.15159401241938275
2007-11-08 16:45:00,0.3426666666666666,0.2693333333333333,0.3917299974065431,0.35361952,-0.010952849229176886
2007-11-08 17:00:00,0.3597333333333333,0.3426666666666666,0.41472670104807846,0.41722712,-0.05749378587404891
2007-11-08 17:15:00,0.6568,0.3597333333333333,0.46704196317288393,0.4581932,0.1986067872524262
2007-11-08 17:30:00,0.6501333333333333,0.6568,0.9933336680521745,1.1222045,-0.47207120882670084
2007-11-08 17:45:00,1.3392000000000002,0.6501333333333333,0.880956894541691,0.8259624,0.5132375757217409
2007-11-08 18:00:00,1.7402666666666666,1.3392000000000002,1.387842557793046,1.5332593,0.2070073940912882
2007-11-08 18:15:00,1.546533333333333,1.7402666666666666,1.9355371210090062,1.9556519,-0.4091185459772748
2007-11-08 18:30:00,0.8790666666666667,1.546533333333333,1.549101971969479,1.6756823,-0.7966156396230062
2007-11-08 18:45:00,0.9581333333333332,0.8790666666666667,0.9569722906377932,1.0303833,-0.07225001513163265
2007-11-08 19:00:00,2.0394666666666668,0.9581333333333332,1.536170593330703,1.4197794,0.61968724676768
2007-11-08 19:15:00,2.352933333333333,2.0394666666666668,2.361210977224857,2.383508,-0.03057463366190616
2007-11-08 19:30:00,3.8444,2.352933333333333,2.496113033383158,2.410258,1.4341419452667235
2007-11-08 19:45:00,3.144,3.8444,3.051767999977374,3.127697,0.016303009033203253
2007-11-08 20:00:00,3.8092,3.144,2.771858060282162,2.8518887,0.9573113433837892
2007-11-08 20:15:00,2.7638666666666665,3.8092,3.1841676697240193,2.9487581,-0.1848914586385093
2007-11-08 20:30:00,2.6162666666666667,2.7638666666666665,2.538401185096593,2.3985863,0.21768039347330737
2007-11-08 20:45:00,2.58,2.6162666666666667,2.532057417294677,2.5846965,-0.004696531295776296
2007-11-08 21:00:00,3.082533333333333,2.58,2.488204164342487,2.361122,0.721411440404256
2007-11-08 21:15:00,3.99,3.082533333333333,2.889099850391754,2.8770967,1.112903347015381
2007-11-08 21:30:00,3.693866666666666,3.99,3.6100027441546634,3.529137,0.16472977053324334
2007-11-08 21:45:00,3.378133333333333,3.693866666666666,3.5704407231225788,3.468695,-0.09056159197489455
2007-11-08 22:00:00,2.0588,3.378133333333333,3.111772687858785,2.7141562,-0.6553561508178709
2007-11-08 22:15:00,1.7660000000000002,2.0588,1.9154710659272223,1.702136,0.06386396026611352
2007-11-08 22:30:00,0.8081333333333334,1.7660000000000002,1.677984258744286,1.5196252,-0.7114918535868326
2007-11-08 22:45:00,0.4034666666666666,0.8081333333333334,0.7992293717213761,0.7895585,-0.38609180358250944
2007-11-08 23:00:00,0.2802666666666666,0.4034666666666666,0.7924397707174639,0.4693359,-0.18906924699147548
2007-11-08 23:15:00,0.3465333333333333,0.2802666666666666,0.4247201143003604,0.388353,-0.041819656817118356
2007-11-08 23:30:00,0.3472,0.3465333333333333,0.44513068748990925,0.4292437,-0.08204371361732482
2007-11-08 23:45:00,0.2653333333333333,0.3472,0.414752145339043,0.40108773,-0.13575439778963727
2007-11-09 00:00:00,0.3165333333333333,0.2653333333333333,0.3018925521419586,0.30185053,0.014682805808385158
2007-11-09 00:15:00,0.2944,0.3165333333333333,0.3058646747296316,0.3038032,-0.00940320549011231
2007-11-09 00:30:00,0.2522666666666666,0.2944,0.30491922865405163,0.29181296,-0.03954628966649382
2007-11-09 00:45:00,0.3006666666666666,0.2522666666666666,0.30123243629344754,0.29773915,0.002927518526712969
2007-11-09 01:00:00,0.3344,0.3006666666666666,0.3032718078497265,0.2933973,0.041002692604064916
2007-11-09 01:15:00,0.2944,0.3344,0.30491922865405163,0.30100837,-0.006608373498916631
2007-11-09 01:30:00,0.2848,0.2944,0.30600012977094637,0.29646844,-0.011668436717987063
2007-11-09 01:45:00,0.3174666666666667,0.2848,0.30554416988961747,0.2963774,0.021089276043574023
2007-11-09 02:00:00,0.2457333333333333,0.3174666666666667,0.30664149231999716,0.29895043,-0.0532171003977458
2007-11-09 02:15:00,0.3017333333333333,0.2457333333333333,0.30259842671522114,0.29128456,0.010448772176106735
2007-11-09 02:30:00,0.3224,0.3017333333333333,0.3032718078497265,0.2933973,0.02900269260406496
2007-11-09 02:45:00,0.3259999999999999,0.3224,0.306320987479983,0.29895043,0.0270495662689208
2007-11-09 03:00:00,0.2526666666666666,0.3259999999999999,0.304598370945015,0.29656053,-0.043893859227498444
2007-11-09 03:15:00,0.3217333333333333,0.2526666666666666,0.3033836948041249,0.29641286,0.025320477946599307
2007-11-09 03:30:00,0.256,0.3217333333333333,0.30404862544009215,0.2934894,-0.03748939657211303
2007-11-09 03:45:00,0.2465333333333333,0.256,0.3035539715893625,0.29534924,-0.04881590696970625
2007-11-09 04:00:00,0.3204,0.2465333333333333,0.30073393018672934,0.28821826,0.03218174018859865
2007-11-09 04:15:00,1.2685333333333333,0.3204,0.30404862544009215,0.29313985,0.9753934882005055
2007-11-09 04:30:00,1.3249333333333333,1.2685333333333333,1.294574942484568,1.2156953,0.10923807137807207
2007-11-09 04:45:00,0.6802666666666667,1.3249333333333333,0.7926784463920155,0.8240817,-0.1438150522549947
2007-11-09 05:00:00,0.2705333333333333,0.6802666666666667,0.5463343148596053,0.19116119,0.07937214783032731
2007-11-09 05:15:00,0.2469333333333333,0.2705333333333333,0.3023363041068074,0.2971066,-0.05017326051394147
2007-11-09 05:30:00,0.3008,0.2469333333333333,0.29384328337702087,0.261149,0.03965101079940797
2007-11-09 05:45:00,0.3150666666666666,0.3008,0.3020616868279395,0.26023972,0.05482694632212315
2007-11-09 06:00:00,0.3162666666666666,0.3150666666666666,0.5077505918432361,0.65419465,-0.3379279863675436
2007-11-09 06:15:00,0.2928,0.3162666666666666,0.521527081132251,0.61613494,-0.3233349415779114
2007-11-09 06:30:00,1.2898666666666665,0.2928,0.5273323493366834,0.6104219,0.6794447706858315
2007-11-09 06:45:00,2.052666666666666,1.2898666666666665,1.3770412138493038,1.4174594,0.6352072979609167
2007-11-09 07:00:00,1.927733333333333,2.052666666666666,2.1598131633396345,1.8301024,0.09763088963826472
2007-11-09 07:15:00,2.1126666666666667,1.927733333333333,1.774792527785727,1.8307015,0.28196519629160566
2007-11-09 07:30:00,2.1934666666666667,2.1126666666666667,2.058816958530815,2.0070455,0.1864211592356364
2007-11-09 07:45:00,1.8736,2.1934666666666667,2.022216915903231,1.9543686,-0.08076859130859382
2007-11-09 08:00:00,1.8784,1.8736,1.8282955326223596,1.8053517,0.07304826583862312
2007-11-09 08:15:00,1.8154666666666663,1.8784,1.8554636296513223,1.865602,-0.05013534978230827
2007-11-09 08:30:00,1.6582666666666666,1.8154666666666663,1.8454592971526202,1.846168,-0.1879013745625815
2007-11-09 08:45:00,1.3212000000000002,1.6582666666666666,1.7876864149528777,1.8229064,-0.5017063749313353
2007-11-09 09:00:00,1.3398666666666663,1.3212000000000002,1.3853185900078104,1.3743516,-0.034484954007466984
2007-11-09 09:15:00,1.3826666666666665,1.3398666666666663,1.3971760149174512,1.3962058,-0.013539116223653336
2007-11-09 09:30:00,1.2905333333333333,1.3826666666666665,1.39984638452171,1.420577,-0.13004371592203778
2007-11-09 09:45:00,1.2996,1.2905333333333333,1.2973033291504144,1.2756886,0.023911351776123135
2007-11-09 10:00:00,1.3706666666666665,1.2996,1.3182904986101038,1.2908823,0.07978431765238425
2007-11-09 10:15:00,1.3650666666666669,1.3706666666666665,1.3775333959489127,1.364089,0.0009776545206707787
2007-11-09 10:30:00,1.3663999999999998,1.3650666666666669,1.3807257507161605,1.3711307,-0.004730704879760905
2007-11-09 10:45:00,1.4172,1.3663999999999998,1.3843116157397943,1.3384541,0.07874587268829347
2007-11-09 11:00:00,1.3326666666666669,1.4172,1.433568713266464,1.3894252,-0.0567584918340045
2007-11-09 11:15:00,1.39,1.3326666666666669,1.3908854556000234,1.3953487,-0.005348668098449805
2007-11-09 11:30:00,1.926,1.39,1.387674484267072,1.3573102,0.568689824104309
2007-11-09 11:45:00,2.613066666666666,1.926,1.9282369424903099,1.6544571,0.95860957438151
2007-11-09 12:00:00,3.7578666666666662,2.613066666666666,2.213236899686787,1.9372822,1.8205844620386755
2007-11-09 12:15:00,2.2304000000000004,3.7578666666666662,2.8574199671746277,2.8723009,-0.6419008632659908
2007-11-09 12:30:00,1.444,2.2304000000000004,1.946690928003468,1.7667441,-0.3227441368103028
2007-11-09 12:45:00,1.558,1.444,1.5218041495531727,1.4268726,0.13112738895416265
2007-11-09 13:00:00,5.790533333333333,1.558,1.646623264159052,1.7091992,4.081334143193563
2007-11-09 13:15:00,3.9701333333333335,5.790533333333333,3.7317050875346864,2.8939204,1.0762129117329917
2007-11-09 13:30:00,4.230533333333333,3.9701333333333335,3.3887819035806475,3.2372618,0.9932715611775711
2007-11-09 13:45:00,4.181733333333333,4.230533333333333,3.0597967529755037,3.007491,1.1742422215779618
2007-11-09 14:00:00,3.304666666666667,4.181733333333333,3.207056175615155,3.044299,0.26036777941385925
2007-11-09 14:15:00,2.25,3.304666666666667,2.7750990779466504,2.3574805,-0.10748052597045898
2007-11-09 14:30:00,1.4968,2.25,2.068857203184344,1.8002659,-0.30346590824127206
2007-11-09 14:45:00,1.5844,1.4968,1.4981010779329356,1.331096,0.2533039468765259
2007-11-09 15:00:00,1.6591999999999998,1.5844,1.7551789036297734,1.5853941,0.07380585594177225
2007-11-09 15:15:00,1.5437333333333332,1.6591999999999998,2.045843589645449,1.9861462,-0.44241287829081233
2007-11-09 15:30:00,1.6992,1.5437333333333332,1.6460238816532904,1.6289109,0.07028910083770756
2007-11-09 15:45:00,1.5588000000000002,1.6992,1.8128520956882688,1.7592697,-0.20046971435546856
2007-11-09 16:00:00,1.356666666666667,1.5588000000000002,1.580329923903821,1.5286584,-0.1719917233784991
2007-11-09 16:15:00,1.4520000000000002,1.356666666666667,1.3695741335680893,1.303507,0.14849302959442157
2007-11-09 16:30:00,1.4708,1.4520000000000002,1.4960049461372742,1.4340494,0.03675063209533702
2007-11-09 16:45:00,1.4796,1.4708,1.495603551533524,1.495246,-0.015646052742004368
2007-11-09 17:00:00,1.4821333333333333,1.4796,1.5109010655448534,1.4606146,0.02151877129872637
2007-11-09 17:15:00,1.4629333333333332,1.4821333333333333,1.5116779490617345,1.5570647,-0.09413131910959893
2007-11-09 17:30:00,1.5561333333333331,1.4629333333333332,1.5215402861890988,1.4842726,0.07186073411305727
2007-11-09 17:45:00,1.8321333333333332,1.5561333333333331,1.6068035103667286,1.6607093,0.1714240714391071
2007-11-09 18:00:00,2.6228,1.8321333333333332,1.9376312800921858,2.000347,0.622453100967407
2007-11-09 18:15:00,2.7758666666666665,2.6228,2.5354844625952877,2.5312004,0.2446662577311196
2007-11-09 18:30:00,2.8616,2.7758666666666665,2.657515544097237,2.730857,0.1307431045532228
2007-11-09 18:45:00,2.1808,2.8616,2.7202043072750577,2.778621,-0.597820958328247
2007-11-09 19:00:00,2.6249333333333333,2.1808,2.0379397650712185,2.1112828,0.5136505078633626
2007-11-09 19:15:00,2.3816,2.6249333333333333,2.4913721863671463,2.56079,-0.17919006195068343
2007-11-09 19:30:00,2.533066666666667,2.3816,2.482858237005887,2.4132197,0.11984697634379105
2007-11-09 19:45:00,2.443866666666666,2.533066666666667,2.5368795931584875,2.4179442,0.02592247378031365
2007-11-09 20:00:00,1.493866666666667,2.443866666666666,2.468803134702966,2.4571092,-0.9632425462086993
2007-11-09 20:15:00,1.5221333333333331,1.493866666666667,1.6423647191060184,1.6137955,-0.09166218554178895
2007-11-09 20:30:00,1.5841333333333334,1.5221333333333331,1.672118654456479,1.8473605,-0.2632271584192911
2007-11-09 20:45:00,2.194,1.5841333333333334,1.6792859076831135,1.9239918,0.2700082006454467
2007-11-09 21:00:00,1.9784,2.194,2.3353552981340657,2.2885628,-0.3101627746582032
2007-11-09 21:15:00,1.3877333333333333,1.9784,1.9995133594585632,1.9779207,-0.5901873181025188
2007-11-09 21:30:00,2.5318666666666667,1.3877333333333333,1.451411236634182,1.3983623,1.1335043877283733
2007-11-09 21:45:00,3.130133333333333,2.5318666666666667,2.7283036578425195,2.607753,0.5223802949269611
2007-11-09 22:00:00,2.192,3.130133333333333,2.83757810931594,2.4733243,-0.2813242988586424
2007-11-09 22:15:00,1.8457333333333328,2.192,2.0145195632566364,1.7666708,0.07906251023610378
2007-11-09 22:30:00,1.7044,1.8457333333333328,1.7098636826885651,1.5377035,0.16669648590087882
2007-11-09 22:45:00,0.7226666666666667,1.7044,1.6827305484860335,1.5481297,-0.8254630111058553
2007-11-09 23:00:00,0.6288,0.7226666666666667,0.765655612630422,0.54822975,0.08057024602890017
2007-11-09 23:15:00,0.3409333333333333,0.6288,0.8773797272601681,0.85920846,-0.5182751312891642
2007-11-09 23:30:00,0.228,0.3409333333333333,0.42032127413482684,0.401203,-0.17320300650596618
2007-11-09 23:45:00,0.3418666666666666,0.228,0.4419874489754448,0.34719098,-0.005324309476216704
2007-11-10 00:00:00,0.4097333333333333,0.3418666666666666,0.3013938548373089,0.31171042,0.09802291606267288
2007-11-10 00:15:00,0.2278666666666667,0.4097333333333333,0.3229082944035738,0.36211374,-0.13424707735379535
2007-11-10 00:30:00,0.3490666666666666,0.2278666666666667,0.3005955487026419,0.2903382,0.05872847825686128
2007-11-10 00:45:00,0.2697333333333333,0.3490666666666666,0.30513030662329693,0.30198953,-0.032256192223231006
2007-11-10 01:00:00,0.2372,0.2697333333333333,0.3023485120232875,0.29957345,-0.06237345128059388
2007-11-10 01:15:00,0.3598666666666666,0.2372,0.3013167367663555,0.2975275,0.06233917462031041
2007-11-10 01:30:00,0.3054666666666666,0.3598666666666666,0.31382530984375945,0.3132439,-0.007777229102452654
2007-11-10 01:45:00,0.2702666666666667,0.3054666666666666,0.304598370945015,0.30290368,-0.032637015326817786
2007-11-10 02:00:00,0.3602666666666667,0.2702666666666667,0.3044997705339649,0.29741555,0.06285111214319866
2007-11-10 02:15:00,0.2593333333333333,0.3602666666666667,0.306972897680517,0.31596145,-0.05662811700503034
2007-11-10 02:30:00,0.2738666666666667,0.2593333333333333,0.3023485120232875,0.30070215,-0.026835487969716354
2007-11-10 02:45:00,0.3201333333333334,0.2738666666666667,0.3032718078497265,0.29741555,0.022717778809865363
2007-11-10 03:00:00,0.2656,0.3201333333333334,0.30450881357926113,0.29623693,-0.03063693227767944
2007-11-10 03:15:00,0.3409333333333333,0.2656,0.30266936973232417,0.29230025,0.048633079226811704
2007-11-10 03:30:00,0.2962666666666667,0.3409333333333333,0.30450881357926113,0.29722327,-0.0009566032727559293
2007-11-10 03:45:00,0.2244,0.2962666666666667,0.306320987479983,0.2974139,-0.07301388559341432
2007-11-10 04:00:00,0.3224,0.2244,0.30042939540348124,0.2830537,0.039346303844451924
2007-11-10 04:15:00,0.2749333333333333,0.3224,0.3032718078497265,0.29388785,-0.018954520289103216
2007-11-10 04:30:00,0.2384,0.2749333333333333,0.3041424110636861,0.30583555,-0.0674355450630188
2007-11-10 04:45:00,0.4052,0.2384,0.3036801796347476,0.29486746,0.11033254404067994
2007-11-10 05:00:00,0.2597333333333333,0.4052,0.40190357913682073,0.38753867,-0.12780533816019696
2007-11-10 05:15:00,0.24,0.2597333333333333,0.30499328131846415,0.29611436,-0.05611435532569886
2007-11-10 05:30:00,0.3209333333333333,0.24,0.30598612909639167,0.29270768,0.028225651677449504
2007-11-10 05:45:00,0.8236000000000001,0.3209333333333333,0.30516707746015714,0.28527743,0.5383225737571717
2007-11-10 06:00:00,1.3343999999999998,0.8236000000000001,1.3260851845566126,1.2780739,0.05632609310150127
2007-11-10 06:15:00,1.436,1.3343999999999998,1.2438510574195916,1.3115127,0.12448729133605951
2007-11-10 06:30:00,0.3636,1.436,1.518000080737793,1.3335527,-0.9699527181625367
2007-11-10 06:45:00,0.3365333333333333,0.3636,1.052643656470539,0.57209647,-0.23556313368479415
2007-11-10 07:00:00,0.3164,0.3365333333333333,0.5670151010284923,0.57246757,-0.256067565536499
2007-11-10 07:15:00,0.9201333333333334,0.3164,0.4330084928956242,0.4895329,0.43060044539769493
2007-11-10 07:30:00,2.844,0.9201333333333334,1.333854695419776,1.3479277,1.4960723104476927
2007-11-10 07:45:00,2.2956,2.844,2.510479350145308,2.2712276,0.024372401809692246
2007-11-10 08:00:00,2.2882666666666664,2.2956,2.047731432661014,1.796105,0.49216163946787495
2007-11-10 08:15:00,2.4344,2.2882666666666664,2.025576509041092,1.811966,0.6224340576171876
2007-11-10 08:30:00,2.1890666666666667,2.4344,2.444828271500664,2.1762419,0.012824791971842497
2007-11-10 08:45:00,3.5085333333333333,2.1890666666666667,2.074423547094474,1.9701777,1.5383556828816731
2007-11-10 09:00:00,2.9336,3.5085333333333333,3.2350410165994994,3.16865,-0.23504991188049296
2007-11-10 09:15:00,2.4129333333333336,2.9336,2.7170919027967684,2.3721142,0.04081915181477891
2007-11-10 09:30:00,3.0212,2.4129333333333336,2.398416740104951,2.2277443,0.7934556591033934
2007-11-10 09:45:00,2.3162666666666665,3.0212,2.8525557457246755,2.531917,-0.2156504285176597
2007-11-10 10:00:00,1.5581333333333334,2.3162666666666665,2.0564738901772337,1.8769137,-0.3187803333918253
2007-11-10 10:15:00,1.7702666666666669,1.5581333333333334,1.527693394718604,1.5771313,0.1931353953043622
2007-11-10 10:30:00,1.5,1.7702666666666669,1.9873845339745428,2.0009165,-0.5009164810180664
2007-11-10 10:45:00,1.6397333333333333,1.5,1.5836354429695396,1.746701,-0.10696766878763841
2007-11-10 11:00:00,1.6572,1.6397333333333333,1.9204865472972275,1.871862,-0.21466205387115478
2007-11-10 11:15:00,1.5756,1.6572,1.8185630006766709,1.8310587,-0.25545874061584484
2007-11-10 11:30:00,1.5894666666666668,1.5756,1.6043338410342662,1.7220695,-0.13260283521016425
2007-11-10 11:45:00,1.534,1.5894666666666668,1.8041464240265552,1.6954217,-0.16142169570922849
2007-11-10 12:00:00,1.8594666666666664,1.534,1.509207452042258,1.5561785,0.30328821608225476
2007-11-10 12:15:00,2.1432,1.8594666666666664,1.9220140589743855,1.8987012,0.2444988090515139
2007-11-10 12:30:00,2.2234666666666665,2.1432,2.056664792344512,2.0004225,0.2230441889444985
2007-11-10 12:45:00,1.7981333333333334,2.2234666666666665,2.05099690476664,1.9063555,-0.10822216688791908
2007-11-10 13:00:00,1.5958666666666663,1.7981333333333334,1.8030181191399282,1.7650378,-0.16917110837300653
2007-11-10 13:15:00,1.6729333333333334,1.5958666666666663,1.8111382736925168,1.7778739,-0.10494054037729894
2007-11-10 13:30:00,1.3766666666666665,1.6729333333333334,1.8536418613581929,1.8790243,-0.5023576005299888
2007-11-10 13:45:00,1.3921333333333332,1.3766666666666665,1.440642305046845,1.5252491,-0.13311579023997
2007-11-10 14:00:00,1.1614666666666666,1.3921333333333332,1.4394884690666316,1.4698867,-0.30841999390920005
2007-11-10 14:15:00,0.7713333333333333,1.1614666666666666,1.234783029950239,1.2089319,-0.43759858957926434
2007-11-10 14:30:00,0.9737333333333332,0.7713333333333333,0.9169773518104991,0.9850881,-0.011354776636759545
2007-11-10 14:45:00,1.0570666666666666,0.9737333333333332,1.237511622718853,1.2824045,-0.22533787530263272
2007-11-10 15:00:00,0.8969333333333332,1.0570666666666666,1.597109788989996,1.1332662,-0.23633287722269702
2007-11-10 15:15:00,1.2808,0.8969333333333332,1.1219739045472275,1.1110953,0.16970469074249261
2007-11-10 15:30:00,0.8357333333333333,1.2808,1.3811011949633678,1.3120242,-0.4762909023920695
2007-11-10 15:45:00,0.8750666666666667,0.8357333333333333,0.7061827897075794,0.7533452,0.12172147518793741
2007-11-10 16:00:00,0.8889333333333334,0.8750666666666667,1.0433751111910161,0.9807045,-0.09177115303675332
2007-11-10 16:15:00,0.7548,0.8889333333333334,1.180858221392472,1.0991257,-0.34432574291229245
2007-11-10 16:30:00,1.0318666666666667,0.7548,0.8893143120206288,0.8887623,0.14310437142054244
2007-11-10 16:45:00,1.5416,1.0318666666666667,1.296678189363564,1.2192303,0.3223697057724
2007-11-10 17:00:00,2.2676,1.5416,1.7238592224949776,1.7021521,0.5654478670120238
2007-11-10 17:15:00,3.5384,2.2676,2.1657323872796486,2.1693132,1.3690868076324465
2007-11-10 17:30:00,4.865333333333334,3.5384,2.9052024679167503,3.091557,1.7737763074239101
2007-11-10 17:45:00,5.092,4.865333333333334,3.854018176799097,4.206046,0.8859538955688473
2007-11-10 18:00:00,3.8849333333333336,5.092,4.466424033892709,4.4485745,-0.563641209665934
2007-11-10 18:15:00,3.5318666666666667,3.8849333333333336,3.3635028044939226,3.7068863,-0.17501962483723954
2007-11-10 18:30:00,3.407466666666666,3.5318666666666667,3.442727383197453,3.2525342,0.1549325155893957
2007-11-10 18:45:00,4.272533333333333,3.407466666666666,3.5577555804611967,3.172565,1.0999683499654127
2007-11-10 19:00:00,4.924,4.272533333333333,3.857109992057262,3.6540608,1.269939159393311
2007-11-10 19:15:00,4.1172,4.924,4.561442697609537,4.496714,-0.37951411514282185
2007-11-10 19:30:00,3.4512,4.1172,3.655295967940615,3.5873244,-0.13612438087463374
2007-11-10 19:45:00,3.8890666666666656,3.4512,3.4519684614566075,3.2331903,0.6558763685862212
2007-11-10 20:00:00,3.4192000000000005,3.8890666666666656,3.623139291560114,3.3263502,0.09284978790283249
2007-11-10 20:15:00,3.4476,3.4192000000000005,3.4038485062122055,3.0388813,0.4087186981201172
2007-11-10 20:30:00,3.4118666666666666,3.4476,3.516054397522341,3.266847,0.1450197714487711
2007-11-10 20:45:00,3.3473333333333333,3.4118666666666666,3.321508270884936,3.1244624,0.2228709672292073
2007-11-10 21:00:00,3.1169333333333333,3.3473333333333333,3.2779902788839097,3.0788963,0.03803704922993978
2007-11-10 21:15:00,3.220533333333333,3.1169333333333333,3.0185244913677196,2.7856722,0.43486114552815724
2007-11-10 21:30:00,3.1116,3.220533333333333,3.023526505049245,2.9396508,0.17194922599792495
2007-11-10 21:45:00,3.215333333333333,3.1116,2.9561758451189633,2.7515767,0.4637566712697345
2007-11-10 22:00:00,3.1206666666666667,3.215333333333333,3.0003958837993387,2.8196309,0.30103580538431807
2007-11-10 22:15:00,3.0912,3.1206666666666667,2.8339297434943918,2.6172104,0.4739896118164064
2007-11-10 22:30:00,3.0805333333333333,3.0912,2.8789161566694714,2.6237257,0.4568076806386312
2007-11-10 22:45:00,2.9976,3.0805333333333333,2.845334107286755,2.616451,0.38114897499084455
2007-11-10 23:00:00,2.6244,2.9976,2.826785226308482,2.657951,-0.03355111656188958
2007-11-10 23:15:00,3.131466666666667,2.6244,2.428334692590643,2.4404097,0.6910570063273114
2007-11-10 23:30:00,4.6252,3.131466666666667,2.7365678490598153,2.5908217,2.034378256988526
2007-11-10 23:45:00,3.0268,4.6252,3.899859686088927,4.0894895,-1.062689459991455
2007-11-11 00:00:00,2.7629333333333337,3.0268,2.5682029908183592,2.0233786,0.7395547227223718
2007-11-11 00:15:00,4.051866666666666,2.7629333333333337,2.5698240166215753,2.093102,1.9587646883646643
2007-11-11 00:30:00,2.9008,4.051866666666666,3.2910523798795133,2.979271,-0.07847093505859393
2007-11-11 00:45:00,1.590666666666667,2.9008,2.7328221002347135,2.2719595,-0.6812928765614825
2007-11-11 01:00:00,1.7873333333333332,1.590666666666667,1.3975161256058046,1.2174915,0.5698418258031208
2007-11-11 01:15:00,1.3670666666666669,1.7873333333333332,2.224878412465851,1.8284322,-0.4613655356725055
2007-11-11 01:30:00,1.4705333333333332,1.3670666666666669,1.293194495242165,1.2175322,0.25300117543538403
2007-11-11 01:45:00,0.5750666666666667,1.4705333333333332,1.6255967589584628,1.3973764,-0.8223097514470418
2007-11-11 02:00:00,0.5833333333333334,0.5750666666666667,0.4956290141080775,0.49354056,0.08979277809460962
2007-11-11 02:15:00,1.856933333333333,0.5833333333333334,0.677508154617545,0.6580065,1.1989268440564471
2007-11-11 02:30:00,0.8113333333333334,1.856933333333333,1.4480852714790315,1.3165632,-0.505229915301005
2007-11-11 02:45:00,0.5466666666666666,0.8113333333333334,0.6574139937271619,0.56597745,-0.019310787518819206
2007-11-11 03:00:00,0.3989333333333333,0.5466666666666666,0.6393440770401324,0.5676603,-0.16872693878809614
2007-11-11 03:15:00,0.4269333333333333,0.3989333333333333,0.3425053850727214,0.35286698,0.07406635588010146
2007-11-11 03:30:00,0.4592,0.4269333333333333,0.45472087504122677,0.42343527,0.0357647292137146
2007-11-11 03:45:00,0.7208,0.4592,0.5324092886726111,0.50574857,0.21505143003463745
2007-11-11 04:00:00,1.5458666666666665,0.7208,1.1102208870916686,0.9231256,0.6227410420099893
2007-11-11 04:15:00,1.5226666666666666,1.5458666666666665,1.5865372743421482,1.4291141,0.09355256334940587
2007-11-11 04:30:00,0.4918666666666667,1.5226666666666666,1.3220103946910728,1.1826131,-0.6907464677174886
2007-11-11 04:45:00,0.4871999999999999,0.4918666666666667,0.40336887342398725,0.4513236,0.035876401376724154
2007-11-11 05:00:00,0.3794666666666667,0.4871999999999999,0.6576073532994257,0.5478561,-0.16838942578633626
2007-11-11 05:15:00,0.3506666666666666,0.3794666666666667,0.38539490658091,0.40218732,-0.05152065094312036
2007-11-11 05:30:00,0.5068,0.3506666666666666,0.3119796952066672,0.35449007,0.15230992846488955
2007-11-11 05:45:00,0.3633333333333333,0.5068,0.7326544212348708,0.58887875,-0.22554541746775314
2007-11-11 06:00:00,0.4528,0.3633333333333333,0.7529050567130472,0.66191995,-0.20911995143890383
2007-11-11 06:15:00,0.5014666666666667,0.4528,0.857869261083154,0.6651745,-0.16370781758626296
2007-11-11 06:30:00,0.35,0.5014666666666667,0.6920484868310317,0.69897795,-0.34897794723510744
2007-11-11 06:45:00,0.4061333333333333,0.35,0.44147916723272324,0.57467294,-0.16853960405985519
2007-11-11 07:00:00,0.4629333333333333,0.4061333333333333,0.7637516372005808,0.60146284,-0.13852950770060224
2007-11-11 07:15:00,0.3514666666666666,0.4629333333333333,0.7192686006848009,0.64838606,-0.29691939452489224
2007-11-11 07:30:00,0.4771999999999999,0.3514666666666666,0.48494432400537396,0.5609139,-0.08371392040252695
2007-11-11 07:45:00,0.4877333333333333,0.4771999999999999,0.9603788355071441,0.7206887,-0.23295536734263106
2007-11-11 08:00:00,0.3561333333333333,0.4877333333333333,0.6478577819782562,0.7182662,-0.36213285576502485
2007-11-11 08:15:00,0.4489333333333333,0.3561333333333333,0.5955157919466719,0.5988,-0.14986667019526168
2007-11-11 08:30:00,0.4652,0.4489333333333333,0.8528510106445146,0.7255936,-0.260393626499176
2007-11-11 08:45:00,0.67,0.4652,0.6591970708671451,0.7166256,-0.04662557125091549
2007-11-11 09:00:00,2.1294666666666666,0.67,1.2502556234820539,1.097776,1.031690611330668
2007-11-11 09:15:00,1.1985333333333332,2.1294666666666666,2.1862298392350654,1.8321205,-0.6335872044245403
2007-11-11 09:30:00,0.7990666666666667,1.1985333333333332,1.4142891597667038,1.1623555,-0.36328887551625566
2007-11-11 09:45:00,0.8522666666666666,0.7990666666666667,0.9066553356986777,0.7745097,0.07775693871180211
2007-11-11 10:00:00,1.9698666666666669,0.8522666666666666,1.0721936520518751,1.157753,0.8121136759440106
2007-11-11 10:15:00,1.6025333333333334,1.9698666666666669,2.052437368293693,2.0879953,-0.4854619574228922
2007-11-11 10:30:00,1.8297333333333328,1.6025333333333334,1.603814247964621,1.713266,0.11646731828053736
2007-11-11 10:45:00,2.0365333333333333,1.8297333333333328,1.8550969740007632,1.8142574,0.2222759499867757
2007-11-11 11:00:00,1.9274666666666669,2.0365333333333333,2.0646363083265236,1.9339741,-0.0065074801762896595
2007-11-11 11:15:00,1.792,1.9274666666666669,1.8987865096207677,1.9496918,-0.15769177246093746
2007-11-11 11:30:00,0.8757333333333334,1.792,1.836407506020249,1.9013216,-1.0255883162180583
2007-11-11 11:45:00,0.6641333333333334,0.8757333333333334,0.8292520612396638,0.986749,-0.3226156600634257
2007-11-11 12:00:00,2.6004,0.6641333333333334,0.9509026551703933,1.0329019,1.5674981168746949
2007-11-11 12:15:00,1.8866666666666667,2.6004,2.674162873522091,2.468352,-0.5816854127248128
2007-11-11 12:30:00,1.756,1.8866666666666667,1.8919718647461874,1.8926042,-0.13660423183441162
2007-11-11 12:45:00,1.1464,1.756,1.8036775550940696,1.7199347,-0.5735347019195556
2007-11-11 13:00:00,0.5013333333333333,1.1464,1.2790150635750412,1.170806,-0.6694727169672648
2007-11-11 13:15:00,0.3565333333333333,0.5013333333333333,0.6049860677055604,0.664535,-0.3080016526858012
2007-11-11 13:30:00,0.3485333333333333,0.3565333333333333,0.4715848150865696,0.5862802,-0.2377468933741252
2007-11-11 13:45:00,0.3124,0.3485333333333333,0.4726762194833807,0.56776106,-0.2553610635757446
2007-11-11 14:00:00,0.3544,0.3124,0.39407145737744004,0.41674605,-0.06234605011940003
2007-11-11 14:15:00,0.3381333333333333,0.3544,0.4733571651086661,0.44732136,-0.1091880220095317
2007-11-11 14:30:00,0.3158666666666667,0.3381333333333333,0.4104149690601511,0.43156785,-0.11570118106206256
2007-11-11 14:45:00,0.3768,0.3158666666666667,0.3900156199473372,0.42197466,-0.04517465896606443
2007-11-11 15:00:00,1.0918666666666668,0.3768,0.554754479882632,0.5133131,0.5785535520235698
2007-11-11 15:15:00,1.4116,1.0918666666666668,1.3160483129439757,1.398586,0.013013965225219692
2007-11-11 15:30:00,1.6296,1.4116,1.4621861953906994,1.4783111,0.15128893814086908
2007-11-11 15:45:00,1.0072,1.6296,1.9293792120499291,1.792499,-0.7852989461898803
2007-11-11 16:00:00,0.6776,1.0072,1.0854446972830096,1.0120076,-0.33440759410858156
2007-11-11 16:15:00,0.7649333333333334,0.6776,0.942504964444622,0.9289013,-0.16396798140207924
2007-11-11 16:30:00,0.9910666666666668,0.7649333333333334,0.9095236131955499,0.9327202,0.05834648234049489
2007-11-11 16:45:00,0.9690666666666666,0.9910666666666668,1.4016448301046307,1.4061013,-0.43703467934926354
2007-11-11 17:00:00,1.2276,0.9690666666666666,1.5708303676377344,1.0402848,0.18731524715423586
2007-11-11 17:15:00,2.543333333333333,1.2276,1.6996525492273826,1.2058808,1.3374525721867876
2007-11-11 17:30:00,1.3024,2.543333333333333,3.003411265263152,2.4783318,-1.1759318042755127
2007-11-11 17:45:00,1.1657333333333333,1.3024,1.4189278165899908,1.1572081,0.00852524827321366
2007-11-11 18:00:00,1.0132,1.1657333333333333,1.3023986550666768,1.2709497,-0.25774972133636465
2007-11-11 18:15:00,1.6985333333333332,1.0132,1.4406432721596176,1.2452594,0.45327392915089915
2007-11-11 18:30:00,4.0656,1.6985333333333332,1.8832471383264573,1.951102,2.1144979816436766
2007-11-11 18:45:00,4.8152,4.0656,3.3779153123199084,3.21688,1.5983199169158935
2007-11-11 19:00:00,5.382666666666666,4.8152,3.9374105955281418,4.007969,1.3746977640787756
2007-11-11 19:15:00,2.3992,5.382666666666666,4.374167866748551,4.206304,-1.8071040733337402
2007-11-11 19:30:00,2.4477333333333333,2.3992,2.3527772260909954,2.0542674,0.39346592686971027
2007-11-11 19:45:00,4.785333333333333,2.4477333333333333,2.500908292988733,2.4019394,2.3833939412434892
2007-11-11 20:00:00,3.643733333333333,4.785333333333333,4.777562760008866,4.249775,-0.6060415995279951
2007-11-11 20:15:00,2.2146666666666666,3.643733333333333,3.5680443081417916,3.3113718,-1.0967051366170248
2007-11-11 20:30:00,2.5492,2.2146666666666666,2.303493654988833,1.8519517,0.6972482816696166
2007-11-11 20:45:00,2.496,2.5492,2.4382076914392266,2.4034772,0.09252280807495117
2007-11-11 21:00:00,2.258933333333333,2.496,2.5218517711967423,2.4653246,-0.20639130694071506
2007-11-11 21:15:00,1.3205333333333331,2.258933333333333,2.0821232251760047,2.0446467,-0.7241134066263837
2007-11-11 21:30:00,1.3304,1.3205333333333331,1.4260821683192544,1.4590039,-0.1286039253234863
2007-11-11 21:45:00,1.246,1.3304,1.524988987853443,1.7937421,-0.5477420606613159
2007-11-11 22:00:00,0.6458666666666667,1.246,1.3362967626879672,1.2245038,-0.5786370889027913
2007-11-11 22:15:00,0.4974666666666667,0.6458666666666667,0.8048831197095816,0.6142798,-0.1168131399472554
2007-11-11 22:30:00,0.3785333333333333,0.4974666666666667,0.5661563703842465,0.46550712,-0.08697378656069443
2007-11-11 22:45:00,0.3202666666666667,0.3785333333333333,0.4926917059286871,0.38275027,-0.06248360608418779
2007-11-11 23:00:00,0.43,0.3202666666666667,0.40877163608789674,0.32358882,0.10641118168830871
2007-11-11 23:15:00,0.3491999999999999,0.43,0.5504046976000742,0.4506924,-0.10149238543510447
2007-11-11 23:30:00,0.3521333333333333,0.3491999999999999,0.44719141563409115,0.36879513,-0.01666179334322615
2007-11-11 23:45:00,0.366,0.3521333333333333,0.45464795070786684,0.3964972,-0.030497189998626717
2007-11-12 00:00:00,0.2450666666666666,0.366,0.3468914859712631,0.3354683,-0.09040162556966153
2007-11-12 00:15:00,0.3448,0.2450666666666666,0.32690331244806314,0.30236498,0.04243502478599548
2007-11-12 00:30:00,0.3164,0.3448,0.3620131533430269,0.3343012,-0.017901203489303574
2007-11-12 00:45:00,0.2984,0.3164,0.3379985302002102,0.30957174,-0.01117174301147461
2007-11-12 01:00:00,0.3899999999999999,0.2984,0.3041424110636861,0.2877336,0.10226638555526724
2007-11-12 01:15:00,0.3,0.3899999999999999,0.30641940112285143,0.36752945,-0.06752945184707643
2007-11-12 01:30:00,0.3032,0.3,0.30549827221405657,0.297187,0.006012999486923243
2007-11-12 01:45:00,0.7713333333333333,0.3032,0.30549827221405657,0.297187,0.47414633282025653
2007-11-12 02:00:00,1.4107999999999998,0.7713333333333333,1.2565748439122166,1.1025394,0.3082605798721312
2007-11-12 02:15:00,0.8838666666666666,1.4107999999999998,1.270649656937207,1.3177676,-0.43390095342000334
2007-11-12 02:30:00,0.3948,0.8838666666666666,0.6205670966910349,0.25686032,0.13793968420028685
2007-11-12 02:45:00,0.3348,0.3948,0.3309015072454683,0.33708632,-0.0022863199234008924
2007-11-12 03:00:00,0.2450666666666666,0.3348,0.29751931464576076,0.30107242,-0.056005752023061184
2007-11-12 03:15:00,0.3577333333333333,0.2450666666666666,0.2927447937421483,0.27907002,0.07866331361134843
2007-11-12 03:30:00,0.29,0.3577333333333333,0.30152591040690296,0.3202132,-0.03021319866180422
2007-11-12 03:45:00,0.2453333333333333,0.29,0.30549827221405657,0.2993285,-0.05399517265955611
2007-11-12 04:00:00,0.4436,0.2453333333333333,0.30214246683389223,0.28791213,0.15568786964416503
2007-11-12 04:15:00,0.2896,0.4436,0.5805895120956029,0.5040239,-0.2144239095687866
2007-11-12 04:30:00,0.2814666666666667,0.2896,0.30549827221405657,0.2985852,-0.017118539603551197
2007-11-12 04:45:00,0.3456,0.2814666666666667,0.3058646747296316,0.29669783,0.04890217480659487
2007-11-12 05:00:00,0.2556,0.3456,0.30615725422701734,0.3333622,-0.07776219191551209
2007-11-12 05:15:00,0.2910666666666666,0.2556,0.29969557577832,0.30506697,-0.01400030630429594
2007-11-12 05:30:00,0.3790666666666666,0.2910666666666666,0.3047111175788282,0.29661375,0.08245291382471714
2007-11-12 05:45:00,0.3457333333333333,0.3790666666666666,0.3830899991419469,0.38502076,-0.03928742934862778
2007-11-12 06:00:00,0.2633333333333333,0.3457333333333333,0.6877001348121382,0.70517343,-0.44184009949366254
2007-11-12 06:15:00,0.3706666666666666,0.2633333333333333,0.5743524327910061,0.63234216,-0.2616754930814108
2007-11-12 06:30:00,1.2681333333333331,0.3706666666666666,0.9696186279251775,0.8306012,0.4375321179707843
2007-11-12 06:45:00,2.7882666666666664,1.2681333333333331,1.4483599343306905,1.437464,1.3508026678721108
2007-11-12 07:00:00,2.5865333333333336,2.7882666666666664,2.4192584357351574,2.126893,0.45964028981526717
2007-11-12 07:15:00,3.1180000000000003,2.5865333333333336,2.593088362282552,2.0898607,1.0281393222808841
2007-11-12 07:30:00,3.634533333333333,3.1180000000000003,2.574946067828236,2.2274232,1.4071101422627765
2007-11-12 07:45:00,2.329466666666667,3.634533333333333,2.758244627349376,2.677225,-0.34775844624837227
2007-11-12 08:00:00,3.2666666666666666,2.329466666666667,2.1530632320850187,2.0544024,1.212264315287272
2007-11-12 08:15:00,2.8656,3.2666666666666666,3.032845541111289,2.816662,0.04893792686462417
2007-11-12 08:30:00,1.8385333333333331,2.8656,2.8458655390877334,2.4677594,-0.6292260374704999
2007-11-12 08:45:00,1.4689333333333332,1.8385333333333331,1.7760956810135935,1.6704516,-0.20151830774943047
2007-11-12 09:00:00,3.110133333333333,1.4689333333333332,1.5828118431229175,1.5529594,1.5571738911946613
2007-11-12 09:15:00,1.4461333333333333,3.110133333333333,2.774645970982468,2.313885,-0.8677516401926677
2007-11-12 09:30:00,1.3653333333333333,1.4461333333333333,1.5379663537421018,1.4457828,-0.08044944731394454
2007-11-12 09:45:00,3.325333333333333,1.3653333333333333,1.406236318457079,1.4625233,1.862809992154439
2007-11-12 10:00:00,1.3997333333333333,3.325333333333333,2.1804017733449395,1.9042851,-0.5045517399470012
2007-11-12 10:15:00,1.2924,1.3997333333333333,1.341169822276858,1.3221947,-0.029794695472717292
2007-11-12 10:30:00,1.4008,1.2924,1.3699833050898926,1.3014759,0.09932411746978764
2007-11-12 10:45:00,1.3676,1.4008,1.4482025555088078,1.4573336,-0.08973356475830085
2007-11-12 11:00:00,1.2828000000000002,1.3676,1.4770873111592198,1.4815353,-0.19873531551361068
2007-11-12 11:15:00,1.3994666666666666,1.2828000000000002,1.3089802924061222,1.3124934,0.08697322317759193
2007-11-12 11:30:00,1.3603999999999998,1.3994666666666666,1.4084388598418256,1.4020778,-0.041677794075012375
2007-11-12 11:45:00,1.2993333333333337,1.3603999999999998,1.3734072948282252,1.3705177,-0.07118439737955695
2007-11-12 12:00:00,1.4670666666666667,1.2993333333333337,1.302913520667176,1.2442406,0.22282602507273364
2007-11-12 12:15:00,1.3274666666666666,1.4670666666666667,1.5349814076158603,1.4658728,-0.13840609792073577
2007-11-12 12:30:00,1.3018666666666667,1.3274666666666666,1.3971118501948319,1.3936386,-0.09177194417317702
2007-11-12 12:45:00,1.3605333333333334,1.3018666666666667,1.3696048995170127,1.368826,-0.008292698351542116
2007-11-12 13:00:00,1.3006666666666669,1.3605333333333334,1.3769210910550893,1.3286974,-0.028030776341755992
2007-11-12 13:15:00,1.3169333333333335,1.3006666666666669,1.2854926142381649,1.2821263,0.03480702584584572
2007-11-12 13:30:00,1.3842666666666663,1.3169333333333335,1.2656938390101702,1.2370362,0.14723043848673467
2007-11-12 13:45:00,1.3888,1.3842666666666663,1.313954222096023,1.2976722,0.09112784748077396
2007-11-12 14:00:00,1.3138666666666667,1.3888,1.3263857613571337,1.3265204,-0.012653776295979746
2007-11-12 14:15:00,1.3717333333333337,1.3138666666666667,1.2941125734898338,1.2762064,0.0955269591649377
2007-11-12 14:30:00,1.3530666666666666,1.3717333333333337,1.3490676775822712,1.3214159,0.03165076548258461
2007-11-12 14:45:00,1.2972,1.3530666666666666,1.3486621395422846,1.3173425,-0.020142519760131927
2007-11-12 15:00:00,1.3817333333333333,1.2972,1.2339943014837516,1.1946186,0.18711475060780836
2007-11-12 15:15:00,1.4284,1.3817333333333333,1.3716391453566548,1.3726897,0.05571027603149403
2007-11-12 15:30:00,1.3257333333333332,1.4284,1.4437135844996518,1.4048474,-0.0791140501658123
2007-11-12 15:45:00,1.4070666666666665,1.3257333333333332,1.4698646040826295,1.3058872,0.1011794443766274
2007-11-12 16:00:00,1.3462666666666665,1.4070666666666665,1.4359504711889557,1.3726897,-0.02642305730183936
2007-11-12 16:15:00,1.2986666666666666,1.3462666666666665,1.3794703571297757,1.35021,-0.0515432847340902
2007-11-12 16:30:00,1.3982666666666668,1.2986666666666666,1.3089862152748624,1.2906253,0.10764133288065603
2007-11-12 16:45:00,1.3236,1.3982666666666668,1.3758376572951667,1.3726897,-0.04908972396850575
2007-11-12 17:00:00,1.3445333333333336,1.3236,1.3284897215432476,1.3330768,0.011456498654683678
2007-11-12 17:15:00,1.628,1.3445333333333336,1.3402069260799707,1.3279047,0.30009529876708974
2007-11-12 17:30:00,1.3221333333333334,1.628,1.933706822723405,1.8590361,-0.5369027546564737
2007-11-12 17:45:00,0.5892,1.3221333333333334,1.3411155998817244,1.3361412,-0.7469412286758423
2007-11-12 18:00:00,0.6928,0.5892,0.6917904990965336,0.58592993,0.10687006978988645
2007-11-12 18:15:00,1.3865333333333334,0.6928,0.908920448721658,1.0143174,0.3722159400304159
2007-11-12 18:30:00,1.966,1.3865333333333334,1.5854201479839278,1.842065,0.12393502330780026
2007-11-12 18:45:00,4.3556,1.966,1.9381910182305313,2.3337967,2.021803260421753
2007-11-12 19:00:00,3.0896,4.3556,3.5080167366196133,3.558108,-0.4685080913543702
2007-11-12 19:15:00,3.1644,3.0896,3.141678064856867,2.9397597,0.2246402687072755
2007-11-12 19:30:00,2.1042666666666667,3.1644,2.8456701722710833,2.7167883,-0.6125216252644856
2007-11-12 19:45:00,2.3582666666666667,2.1042666666666667,1.8315689079970017,1.8895231,0.4687435181299846
2007-11-12 20:00:00,4.4585333333333335,2.3582666666666667,2.5132919106425327,2.9978485,1.460684822591146
2007-11-12 20:15:00,7.1276,4.4585333333333335,4.345130954158856,3.9547424,3.172857568359375
2007-11-12 20:30:00,5.0949333333333335,7.1276,4.71143033865953,3.947872,1.1470614098866783
2007-11-12 20:45:00,4.727866666666667,5.0949333333333335,4.359941871997886,4.1790686,0.548798101298015
2007-11-12 21:00:00,2.046133333333333,4.727866666666667,4.1917741106580495,4.2797375,-2.2336041392008466
2007-11-12 21:15:00,1.7269333333333334,2.046133333333333,2.1783543837402974,1.6473038,0.07962951367696136
2007-11-12 21:30:00,1.7121333333333335,1.7269333333333334,2.0030950647208967,1.5674376,0.14469568456014015
2007-11-12 21:45:00,0.8888,1.7121333333333335,1.9411736554537202,1.8893394,-1.0005394470214843
2007-11-12 22:00:00,0.9470666666666668,0.8888,1.4553735701435813,1.2831185,-0.3360518197377521
2007-11-12 22:15:00,0.9618666666666668,0.9470666666666668,1.170270921877781,1.0665205,-0.10465378583272289
2007-11-12 22:30:00,2.378533333333334,0.9618666666666668,1.1595087088766085,0.99224514,1.386288195641836
2007-11-12 22:45:00,2.4765333333333337,2.378533333333334,2.3158973634085207,2.0553777,0.4211556115468347
2007-11-12 23:00:00,1.4049333333333334,2.4765333333333337,2.3591698084276724,2.185176,-0.7802425623575846
2007-11-12 23:15:00,0.3913333333333333,1.4049333333333334,1.316456917432602,1.1945124,-0.8031790339152018
2007-11-12 23:30:00,0.3278666666666667,0.3913333333333333,0.4750499960766879,0.614335,-0.28646833384831744
2007-11-12 23:45:00,0.3497333333333333,0.3278666666666667,0.41368439317959926,0.44597572,-0.09624238754908249
2007-11-13 00:00:00,0.3228,0.3497333333333333,0.39524899547844816,0.5011748,-0.17837480754852297
2007-11-13 00:15:00,0.4353333333333333,0.3228,0.30289473913872866,0.2997623,0.1355710247357686
2007-11-13 00:30:00,0.3869333333333333,0.4353333333333333,0.4054913013069365,0.4190295,-0.03209617072741194
2007-11-13 00:45:00,0.2998666666666666,0.3869333333333333,0.34569933062833924,0.3599156,-0.06004894746144618
2007-11-13 01:00:00,0.24,0.2998666666666666,0.3070452572457224,0.30077592,-0.06077591538429261
2007-11-13 01:15:00,0.3293333333333333,0.24,0.30214246683389223,0.2940683,0.03526502664883929
2007-11-13 01:30:00,0.2982666666666667,0.3293333333333333,0.3007736494602147,0.2952984,0.0029682691256205374
2007-11-13 01:45:00,0.2498666666666666,0.2982666666666667,0.304598370945015,0.29588753,-0.046020863183339505
2007-11-13 02:00:00,0.4138666666666666,0.2498666666666666,0.3033836948041249,0.2929685,0.1208981550852457
2007-11-13 02:15:00,0.2874666666666667,0.4138666666666666,0.3334382265409391,0.36512047,-0.07765380385716752
2007-11-13 02:30:00,0.244,0.2874666666666667,0.30549827221405657,0.29803246,-0.054032462596893316
2007-11-13 02:45:00,0.3412,0.244,0.3035442256598236,0.29008397,0.051116025400161746
2007-11-13 03:00:00,0.2729333333333333,0.3412,0.304627669000097,0.29440424,-0.021470905129114815
2007-11-13 03:15:00,0.2521333333333333,0.2729333333333333,0.3055150256575767,0.2937718,-0.04163847004572552
2007-11-13 03:30:00,0.3877333333333333,0.2521333333333333,0.3023483384937686,0.29414865,0.09358467958768207
2007-11-13 03:45:00,0.9165333333333334,0.3877333333333333,0.32573169948012215,0.34710437,0.5694289627393088
2007-11-13 04:00:00,1.3246666666666669,0.9165333333333334,1.4420622975488768,1.2751149,0.04955177275339784
2007-11-13 04:15:00,1.3885333333333334,1.3246666666666669,0.9695534926979389,0.995311,0.3932223115285238
2007-11-13 04:30:00,0.2682666666666666,1.3885333333333334,0.798487158907069,0.84457004,-0.5763033740361532
2007-11-13 04:45:00,0.2662666666666666,0.2682666666666666,0.2984438598342784,0.22497217,0.04129449309507999
2007-11-13 05:00:00,0.3415999999999999,0.2662666666666666,0.29237314705892176,0.29118842,0.050411581134796046
2007-11-13 05:15:00,0.3085333333333333,0.3415999999999999,0.29955069019548036,0.27616838,0.03236495712598164
2007-11-13 05:30:00,0.2968,0.3085333333333333,0.30156630485808633,0.29525548,0.001544517803192147
2007-11-13 05:45:00,0.3510666666666667,0.2968,0.30698347961871914,0.29968488,0.05138178450266523
2007-11-13 06:00:00,0.2444,0.3510666666666667,0.6246377118648084,0.7596129,-0.5152129179000855
2007-11-13 06:15:00,0.9769333333333332,0.2444,0.6017557745052435,0.60685873,0.3700746030171711
2007-11-13 06:30:00,2.252533333333333,0.9769333333333332,1.4081021765707187,1.3698285,0.882704870732625
2007-11-13 06:45:00,1.5241333333333336,2.252533333333333,2.0883840652070385,1.8556097,-0.33147632204691546
2007-11-13 07:00:00,1.8696,1.5241333333333336,1.4240590398575455,1.519384,0.35021597347259514
2007-11-13 07:15:00,3.3800000000000003,1.8696,1.8634910353699565,1.8205882,1.5594117689132694
2007-11-13 07:30:00,2.908133333333333,3.3800000000000003,2.538034090975068,2.2363994,0.6717339211781814
2007-11-13 07:45:00,3.6134666666666666,2.908133333333333,2.933389674626148,2.5636203,1.0498463377634684
2007-11-13 08:00:00,1.8724,3.6134666666666666,2.7752131165939162,2.5702767,-0.6978767372131347
2007-11-13 08:15:00,1.8645333333333332,1.8724,1.8062218579988678,1.8276641,0.036869196446736474
2007-11-13 08:30:00,2.798666666666666,1.8645333333333332,1.8706211251029519,1.7754728,1.0231939064661657
2007-11-13 08:45:00,1.4728,2.798666666666666,2.728299503669998,2.3358617,-0.8630616828918456
2007-11-13 09:00:00,1.0573333333333337,1.4728,1.4572468033466126,1.4214623,-0.3641289641062415
2007-11-13 09:15:00,0.3541333333333333,1.0573333333333337,1.0136166931083002,1.1210942,-0.7669608935038249
2007-11-13 09:30:00,0.3394666666666666,0.3541333333333333,0.4570832716982532,0.42903686,-0.08957018903096525
2007-11-13 09:45:00,0.2705333333333333,0.3394666666666666,0.4538214312681038,0.46703565,-0.19650231787363692
2007-11-13 10:00:00,0.3631999999999999,0.2705333333333333,0.38594649776291434,0.3588087,0.004391303730010898
2007-11-13 10:15:00,0.3406666666666667,0.3631999999999999,0.5165145044286298,0.38737297,-0.046706303914388014
2007-11-13 10:30:00,0.3484,0.3406666666666667,0.38932089054919444,0.36050093,-0.012100931739807141
2007-11-13 10:45:00,0.3673333333333333,0.3484,0.40866268494454355,0.37113157,-0.003798235813776696
2007-11-13 11:00:00,0.3229333333333333,0.3673333333333333,0.49695376974608657,0.4221897,-0.09925637919108077
2007-11-13 11:15:00,0.2809333333333333,0.3229333333333333,0.411756600646396,0.3703029,-0.08936955243746442
2007-11-13 11:30:00,0.3646666666666666,0.2809333333333333,0.3863768381236787,0.34771097,0.016955699602762775
2007-11-13 11:45:00,0.3230666666666666,0.3646666666666666,0.4902349676702123,0.40438235,-0.0813156813939413
2007-11-13 12:00:00,0.3009333333333333,0.3230666666666666,0.38932089054919444,0.35909873,-0.05816539913813279
2007-11-13 12:15:00,0.4361333333333333,0.3009333333333333,0.3764071199093783,0.35031778,0.0858155571301778
2007-11-13 12:30:00,0.3229333333333333,0.4361333333333333,0.6056476433418728,0.49040645,-0.16747312027613326
2007-11-13 12:45:00,0.2985333333333333,0.3229333333333333,0.411756600646396,0.3703029,-0.07176955243746441
2007-11-13 13:00:00,0.3569333333333333,0.2985333333333333,0.40836805996676107,0.3543465,0.0025868195851643794
2007-11-13 13:15:00,2.2004,0.3569333333333333,0.4721414720009519,0.41871354,1.7816864601612092
2007-11-13 13:30:00,3.4444,2.2004,1.603258342412714,1.1093888,2.335011171722412
2007-11-13 13:45:00,1.6572,3.4444,2.8745934832386073,2.481353,-0.8241530445098877
2007-11-13 14:00:00,1.832,1.6572,1.5455221495374758,1.5267454,0.30525456142425544
2007-11-13 14:15:00,2.3006666666666664,1.832,1.9276759438066324,1.9264435,0.3742232090632118
2007-11-13 14:30:00,2.2501333333333333,2.3006666666666664,2.2446079781259396,2.0048575,0.24527579320271808
2007-11-13 14:45:00,2.256933333333333,2.2501333333333333,2.1363023696459424,1.9469973,0.3099360484441118
2007-11-13 15:00:00,5.572533333333333,2.256933333333333,2.10229017983823,1.7749662,3.797567093404134
2007-11-13 15:15:00,5.063599999999999,5.572533333333333,4.161300287378703,4.457566,0.6060342155456535
2007-11-13 15:30:00,5.661600000000001,5.063599999999999,4.154637356775095,3.5597098,2.1018902126312264
2007-11-13 15:45:00,3.2888,5.661600000000001,4.203732210229752,3.755721,-0.4669210922241209
2007-11-13 16:00:00,3.844666666666667,3.2888,2.805694476821299,2.5170996,1.3275670477549237
2007-11-13 16:15:00,3.087333333333333,3.844666666666667,3.5336938464383643,3.0387754,0.04855788930257132
2007-11-13 16:30:00,2.6512,3.087333333333333,2.5535758767203474,2.3653414,0.2858585750579832
2007-11-13 16:45:00,4.586133333333334,2.6512,3.3982614874509847,2.2105875,2.3755458318074547
2007-11-13 17:00:00,2.3926666666666665,4.586133333333334,4.257326218662002,3.8832629,-1.4905962060292564
2007-11-13 17:15:00,2.940533333333333,2.3926666666666665,2.347930936177755,1.9941169,0.9464164309819538
2007-11-13 17:30:00,2.9444,2.940533333333333,3.158458483844689,2.785551,0.15884892883300772
2007-11-13 17:45:00,2.9992,2.9444,3.042874825524073,2.6976693,0.30153073234558114
2007-11-13 18:00:00,3.2989333333333333,2.9992,2.8815872623566334,2.8723512,0.42658216374715163
2007-11-13 18:15:00,2.877333333333333,3.2989333333333333,3.150086937950464,3.0424407,-0.16510731951395696
2007-11-13 18:30:00,3.6804,2.877333333333333,2.8431200656368607,2.6671643,1.0132356742858888
2007-11-13 18:45:00,2.920666666666667,3.6804,3.4122132189359915,2.927065,-0.006398228963215846
2007-11-13 19:00:00,2.7076,2.920666666666667,2.712164137735799,2.7531471,-0.04554712524414084
2007-11-13 19:15:00,1.9984,2.7076,2.533141801429317,2.465455,-0.46705505523681645
2007-11-13 19:30:00,1.6053333333333335,1.9984,1.9567065359428566,1.8814319,-0.2760986038843789
2007-11-13 19:45:00,2.530133333333333,1.6053333333333335,1.6795778522859555,1.6433233,0.8868100310643512
2007-11-13 20:00:00,2.746666666666667,2.530133333333333,2.718714066025451,2.8299696,-0.08330297787984176
2007-11-13 20:15:00,2.9892,2.746666666666667,2.6911056394733412,2.8005583,0.18864167137145982
2007-11-13 20:30:00,3.0437333333333334,2.9892,3.1078006519449075,2.9230936,0.12063977597554532
2007-11-13 20:45:00,2.8338666666666668,3.0437333333333334,3.092038207045289,2.9066296,-0.07276289571126293
2007-11-13 21:00:00,2.5616,2.8338666666666668,3.032165026312344,2.991329,-0.4297289546966554
2007-11-13 21:15:00,2.724533333333333,2.5616,2.4430620532454,2.3501298,0.3744034905751543
2007-11-13 21:30:00,2.3296,2.724533333333333,2.5678316833961685,2.4633875,-0.13378748931884754
2007-11-13 21:45:00,1.1062666666666667,2.3296,2.1878922263746126,2.1364837,-1.0302170026143391
2007-11-13 22:00:00,0.4990666666666666,1.1062666666666667,1.3122583618614998,0.9511239,-0.4520572265942892
2007-11-13 22:15:00,0.4949333333333333,0.4990666666666666,0.6057759028544637,0.55489165,-0.05995831257502243
2007-11-13 22:30:00,0.5177333333333334,0.4949333333333333,0.6023496757915079,0.62962997,-0.11189663626352941
2007-11-13 22:45:00,0.3566666666666667,0.5177333333333334,0.626837565361739,0.6097813,-0.25311465819676715
2007-11-13 23:00:00,0.3892,0.3566666666666667,0.44328437311323093,0.394059,-0.00485900239944459
2007-11-13 23:15:00,0.3587999999999999,0.3892,0.535272851841325,0.45064563,-0.09184562559127818
2007-11-13 23:30:00,0.282,0.3587999999999999,0.47539410272080773,0.45041788,-0.16841787624359134
2007-11-13 23:45:00,0.3269333333333333,0.282,0.4119759525021122,0.3699204,-0.04298706943194075
2007-11-14 00:00:00,0.4226666666666666,0.3269333333333333,0.3044629159037002,0.31401747,0.10864919201532991
2007-11-14 00:15:00,0.2926666666666667,0.4226666666666666,0.34890282687135,0.37609112,-0.08342445596059161
2007-11-14 00:30:00,0.3087999999999999,0.2926666666666667,0.30549827221405657,0.30734357,0.0014564276218413386
2007-11-14 00:45:00,0.3064,0.3087999999999999,0.3058646747296316,0.30396494,0.0024350573062896785
2007-11-14 01:00:00,0.2844,0.3064,0.30595423209538547,0.30182973,-0.017429725503921523
2007-11-14 01:15:00,0.2930666666666666,0.2844,0.3012829425613114,0.29513463,-0.0020679671128591703
2007-11-14 01:30:00,0.3444,0.2930666666666666,0.30450881357926113,0.2978454,0.04655460658073424
2007-11-14 01:45:00,0.3242666666666666,0.3444,0.30862108956442974,0.30414698,0.020119691387812222
2007-11-14 02:00:00,0.2931999999999999,0.3242666666666666,0.30767684863035344,0.304204,-0.011003987121582126
2007-11-14 02:15:00,0.2741333333333333,0.2931999999999999,0.3069000310399879,0.2999806,-0.02584727727572128
2007-11-14 02:30:00,0.2812,0.2741333333333333,0.3063206346109605,0.2991161,-0.017916104841232294
2007-11-14 02:45:00,0.2964,0.2812,0.30388387234369535,0.29237977,0.004020233297348019
2007-11-14 03:00:00,0.2792,0.2964,0.3031070547533298,0.29669902,-0.017499017286300655
2007-11-14 03:15:00,0.3542666666666667,0.2792,0.30600012977094637,0.2967262,0.05754046966234844
2007-11-14 03:30:00,0.3062666666666667,0.3542666666666667,0.3014790345812512,0.30117056,0.005096108929316223
2007-11-14 03:45:00,0.2638666666666667,0.3062666666666667,0.3069000310399879,0.30354816,-0.039681490548451714
2007-11-14 04:00:00,0.2722666666666666,0.2638666666666667,0.3044997705339649,0.30623874,-0.03397207401593533
2007-11-14 04:15:00,0.312,0.2722666666666666,0.30353499978627263,0.30394644,0.008053564548492431
2007-11-14 04:30:00,0.2621333333333333,0.312,0.3031070547533298,0.30515772,-0.04302438770929978
2007-11-14 04:45:00,0.3173333333333333,0.2621333333333333,0.3049557304152938,0.29744825,0.01988508566220598
2007-11-14 05:00:00,0.3454666666666667,0.3173333333333333,0.3064040831896917,0.3047444,0.04072227403322859
2007-11-14 05:15:00,0.2613333333333333,0.3454666666666667,0.3071926105373737,0.31995004,-0.05861671082178754
2007-11-14 05:30:00,1.1462666666666663,0.2613333333333333,0.3059390802630666,0.30488962,0.841377047316233
2007-11-14 05:45:00,1.4141333333333332,1.1462666666666663,1.3117662584581262,1.3212748,0.09285857594807934
2007-11-14 06:00:00,1.0609333333333335,1.4141333333333332,1.3418284486331644,1.4737887,-0.4128554049173989
2007-11-14 06:15:00,1.0783999999999998,1.0609333333333335,0.6570226305002804,0.788351,0.29004900064468364
2007-11-14 06:30:00,0.9713333333333334,1.0783999999999998,1.5235326219794478,1.226323,-0.2549896752039591
2007-11-14 06:45:00,0.6202666666666666,0.9713333333333334,1.3704517092645987,1.2011425,-0.5808758828481039
2007-11-14 07:00:00,1.4558666666666666,0.6202666666666666,0.9921260700006997,0.8308017,0.6250649412790934
2007-11-14 07:15:00,2.336933333333333,1.4558666666666666,1.7390808679034544,1.7287034,0.6082299537022906
2007-11-14 07:30:00,3.154133333333333,2.336933333333333,2.6819752906091736,2.2427375,0.9113958016713455
2007-11-14 07:45:00,2.032,3.154133333333333,2.590513347850347,2.2816744,-0.24967438507080075
2007-11-14 08:00:00,2.3564000000000003,2.032,1.975947069665822,1.7457744,0.6106256116867068
2007-11-14 08:15:00,2.491733333333334,2.3564000000000003,2.358272273241297,1.9553336,0.5363997428258265
2007-11-14 08:30:00,2.1998666666666664,2.491733333333334,2.472605246051306,2.197575,0.0022915743509925868
2007-11-14 08:45:00,1.6450666666666665,2.1998666666666664,1.9937100439677335,1.9057639,-0.26069719785054546
2007-11-14 09:00:00,1.36,1.6450666666666665,1.6141395347713159,1.6096119,-0.2496118688583373
2007-11-14 09:15:00,1.3342666666666667,1.36,1.447263145607387,1.5404917,-0.2062250335057576
2007-11-14 09:30:00,1.4010666666666665,1.3342666666666667,1.404446432583085,1.4403397,-0.0392730178197227
2007-11-14 09:45:00,1.4202666666666666,1.4010666666666665,1.3845922106977344,1.4927847,-0.07251807187398285
2007-11-14 10:00:00,1.3444,1.4202666666666666,1.4125487351812667,1.4108517,-0.06645171699523922
2007-11-14 10:15:00,1.5252,1.3444,1.3621842438288707,1.3388479,0.18635212440490712
2007-11-14 10:30:00,1.4486666666666668,1.5252,1.5577941624750753,1.5470189,-0.09835221894582102
2007-11-14 10:45:00,2.163733333333333,1.4486666666666668,1.4685923738987052,1.4696342,0.6940991580327349
2007-11-14 11:00:00,1.6944,2.163733333333333,2.1129553190371286,1.8752773,-0.1808772808074952
2007-11-14 11:15:00,1.5690666666666668,1.6944,1.5376773990548236,1.5568538,0.012212895456950035
2007-11-14 11:30:00,1.3646666666666667,1.5690666666666668,1.5588433000131001,1.628614,-0.2639472821553548
2007-11-14 11:45:00,1.4029333333333334,1.3646666666666667,1.4125124689492907,1.3483758,0.05455753606160485
2007-11-14 12:00:00,1.300266666666667,1.4029333333333334,1.3814807428384528,1.4675801,-0.16731341336568173
2007-11-14 12:15:00,1.3721333333333334,1.300266666666667,1.3200713124940617,1.3124356,0.05969770634969085
2007-11-14 12:30:00,1.3949333333333334,1.3721333333333334,1.3626576520575326,1.3849521,0.009981265004475937
2007-11-14 12:45:00,1.3869333333333331,1.3949333333333334,1.3654655310504245,1.3461097,0.040823585446675414
2007-11-14 13:00:00,1.4753333333333332,1.3869333333333331,1.3645258526734025,1.3564949,0.11883842976888004
2007-11-14 13:15:00,1.5298666666666667,1.4753333333333332,1.5066473281841013,1.4714283,0.058438391558329306
2007-11-14 13:30:00,2.2416,1.5298666666666667,1.5077965005791867,1.5566423,0.6849577060699463
2007-11-14 13:45:00,2.5018666666666665,2.2416,2.151097693756704,1.8642933,0.6375733297983803
2007-11-14 14:00:00,1.3816,2.5018666666666665,2.1639629033497725,1.9505402,-0.5689401849746705
2007-11-14 14:15:00,2.1013333333333333,1.3816,1.3733901238708865,1.322377,0.7789563668568928
2007-11-14 14:30:00,2.7653333333333334,2.1013333333333333,2.21717728553956,1.8651763,0.9001570132573447
2007-11-14 14:45:00,1.4749333333333332,2.7653333333333334,2.5464591480247325,2.1360626,-0.6611292887369793
2007-11-14 15:00:00,1.5617333333333334,1.4749333333333332,1.4837101171565046,1.5097715,0.05196186707814543
2007-11-14 15:15:00,1.6098666666666666,1.5617333333333334,1.6431761250145138,1.6898406,-0.07997388852437348
2007-11-14 15:30:00,1.5317333333333332,1.6098666666666666,1.7530622433365906,1.801855,-0.2701216347376507
2007-11-14 15:45:00,1.5008,1.5317333333333332,1.6663577711958522,1.6006382,-0.09983815116882333
2007-11-14 16:00:00,1.4698666666666669,1.5008,1.5720048779398086,1.5524535,-0.08258685124715148
2007-11-14 16:15:00,1.3632,1.4698666666666669,1.5212462316747568,1.494212,-0.13101203136444095
2007-11-14 16:30:00,1.3498666666666668,1.3632,1.4402068759662088,1.4028648,-0.052998147137959695
2007-11-14 16:45:00,1.3801333333333332,1.3498666666666668,1.4402068759662088,1.4070288,-0.026895460955302042
2007-11-14 17:00:00,1.2786666666666666,1.3801333333333332,1.4324117422711526,1.4718966,-0.1932299817403158
2007-11-14 17:15:00,1.5013333333333334,1.2786666666666666,1.3322331050818457,1.3245906,0.17674276955922452
2007-11-14 17:30:00,2.0166666666666666,1.5013333333333334,1.6200079515562746,1.6344184,0.38224829832712803
2007-11-14 17:45:00,1.0794666666666666,2.0166666666666666,2.150893124531422,2.1898532,-1.1103865247090658
2007-11-14 18:00:00,2.4362666666666666,1.0794666666666666,1.1258368641501935,1.1858519,1.2504147350947061
2007-11-14 18:15:00,1.6184,2.4362666666666666,2.812630547150706,2.697482,-1.0790821090698242
2007-11-14 18:30:00,1.3456,1.6184,1.6529457416829576,1.626446,-0.28084600868225107
2007-11-14 18:45:00,1.5441333333333334,1.3456,1.454168524312401,1.4953554,0.0487779656728109
2007-11-14 19:00:00,2.1220000000000003,1.5441333333333334,1.6635528851095824,1.7615432,0.36045684528350863
2007-11-14 19:15:00,2.5501333333333336,2.1220000000000003,2.4344236440613356,2.3267915,0.22334180844624862
2007-11-14 19:30:00,3.2744,2.5501333333333336,2.485821901185117,2.4547462,0.8196537536621094
2007-11-14 19:45:00,2.8924000000000003,3.2744,2.996207555702722,2.8661358,0.026264164352417296
2007-11-14 20:00:00,2.9044000000000003,2.8924000000000003,2.7579852613834346,2.7107756,0.19362438621521028
2007-11-14 20:15:00,2.8342666666666667,2.9044000000000003,2.90111669391807,2.8190122,0.015254501597086634
2007-11-14 20:30:00,2.1469333333333336,2.8342666666666667,2.881051931418465,2.8517547,-0.7048213320414223
2007-11-14 20:45:00,1.8833333333333333,2.1469333333333336,2.0609577000071124,2.0498388,-0.16650544802347822
2007-11-14 21:00:00,1.8290666666666664,1.8833333333333333,1.7930617378676141,1.8200366,0.009030016962686904
2007-11-14 21:15:00,2.1982666666666666,1.8290666666666664,1.809105646596916,1.9466363,0.25163034750620517
2007-11-14 21:30:00,3.05,2.1982666666666666,2.3048929738060213,2.2859035,0.7640965461730955
2007-11-14 21:45:00,2.822666666666667,3.05,2.8526746836908745,2.8786726,-0.05600593312581337
2007-11-14 22:00:00,2.416,2.822666666666667,2.692775650422959,2.4630156,-0.04701555633544929
2007-11-14 22:15:00,1.5953333333333333,2.416,2.4973957668962585,2.1507952,-0.5554618879954021
2007-11-14 22:30:00,1.5373333333333334,1.5953333333333333,1.4446024166239735,1.3503864,0.18694695218404145
2007-11-14 22:45:00,1.6193333333333333,1.5373333333333334,1.574514904917067,1.4963404,0.12299293931325272
2007-11-14 23:00:00,1.4510666666666667,1.6193333333333333,1.7212625051957653,1.5987158,-0.14764911549886062
2007-11-14 23:15:00,1.4162666666666666,1.4510666666666667,1.594395041933012,1.5204513,-0.10418464063008637
2007-11-14 23:30:00,1.4612,1.4162666666666666,1.330749936814788,1.2806371,0.18056285495758062
2007-11-14 23:45:00,1.344933333333333,1.4612,1.3808316416892967,1.3829384,-0.03800505167643253
2007-11-15 00:00:00,1.3412000000000002,1.344933333333333,1.3355700468677794,1.2014002,0.13979983921051042
2007-11-15 00:15:00,1.4442666666666666,1.3412000000000002,1.311794189354654,1.2155463,0.22872041632334383
2007-11-15 00:30:00,1.4024,1.4442666666666666,1.3872622591502295,1.3327701,0.06962989082336435
2007-11-15 00:45:00,0.6082666666666667,1.4024,1.3329668161203592,1.4168416,-0.8085749595006306
2007-11-15 01:00:00,0.3717333333333333,0.6082666666666667,0.4861721422670059,0.2634565,0.10827683971722918
2007-11-15 01:15:00,0.2233333333333333,0.3717333333333333,0.3245283982262954,0.31565294,-0.09231960336367293
2007-11-15 01:30:00,0.2757333333333333,0.2233333333333333,0.28962562052609436,0.27009124,0.00564209769566848
2007-11-15 01:45:00,0.3321333333333333,0.2757333333333333,0.29911749401101184,0.28158897,0.050544361718495634
2007-11-15 02:00:00,0.2478666666666666,0.3321333333333333,0.29972801438480723,0.30376324,-0.05589657390912381
2007-11-15 02:15:00,0.3613333333333333,0.2478666666666666,0.30165264408565534,0.2957121,0.06562121995290116
2007-11-15 02:30:00,0.2930666666666666,0.3613333333333333,0.31023440854883383,0.3135675,-0.020500822718938272
2007-11-15 02:45:00,0.2636,0.2930666666666666,0.3073559909213168,0.3001274,-0.036527387046813964
2007-11-15 03:00:00,0.2653333333333333,0.2636,0.30251861527900614,0.29534924,-0.03001590696970624
2007-11-15 03:15:00,0.3025333333333334,0.2653333333333333,0.3039203741049375,0.29427764,0.008255695136388186
2007-11-15 03:30:00,0.2518666666666667,0.3025333333333334,0.3031070547533298,0.29734245,-0.04547578275998432
2007-11-15 03:45:00,0.3250666666666666,0.2518666666666667,0.3038396546854538,0.29534924,0.029717426363627064
2007-11-15 04:00:00,0.3481333333333333,0.3250666666666666,0.3037277677310555,0.29313985,0.054993488200505536
2007-11-15 04:15:00,0.2198666666666666,0.3481333333333333,0.3062092606896009,0.30110216,-0.0812354947408041
2007-11-15 04:30:00,0.3097333333333333,0.2198666666666666,0.3011249785685442,0.28819254,0.02154079292615252
2007-11-15 04:45:00,0.2721333333333333,0.3097333333333333,0.3037277677310555,0.29065785,-0.018524514786402435
2007-11-15 05:00:00,0.2271999999999999,0.2721333333333333,0.30453732143713524,0.30215615,-0.07495615034103403
2007-11-15 05:15:00,0.3333333333333333,0.2271999999999999,0.2967581714891267,0.2771575,0.05617584784825641
2007-11-15 05:30:00,0.3270666666666666,0.3333333333333333,0.30516707746015714,0.30303496,0.024031705443064322
2007-11-15 05:45:00,0.2706666666666666,0.3270666666666666,0.30698347961871914,0.3151301,-0.044463447888692276
2007-11-15 06:00:00,0.3097333333333333,0.2706666666666666,0.6366586587818963,0.673699,-0.3639656880060832
2007-11-15 06:15:00,1.6317333333333333,0.3097333333333333,0.5087250691376726,0.6773947,0.9543386452039082
2007-11-15 06:30:00,1.0561333333333334,1.6317333333333333,1.73798618931326,1.853717,-0.7975836361567179
2007-11-15 06:45:00,1.1174666666666666,1.0561333333333334,0.8715032379168187,1.00178,0.11568663355509434
2007-11-15 07:00:00,1.9045333333333332,1.1174666666666666,1.3204062135841241,1.2248809,0.6796523995717365
2007-11-15 07:15:00,2.4164000000000003,1.9045333333333332,1.910928977923682,1.8251061,0.5912938560485843
2007-11-15 07:30:00,2.8076,2.4164000000000003,2.3220647304773228,2.1348083,0.6727916980743407
2007-11-15 07:45:00,3.409333333333333,2.8076,2.647633942644871,2.248407,1.1609264462788897
2007-11-15 08:00:00,1.9378666666666668,3.409333333333333,2.8837266088333915,2.5307055,-0.5928387852986652
2007-11-15 08:15:00,1.6889333333333334,1.9378666666666668,1.7861155077851354,1.7436925,-0.054759183947245216
2007-11-15 08:30:00,1.3281333333333334,1.6889333333333334,1.7940947730019354,1.7310203,-0.4028869980494181
2007-11-15 08:45:00,1.4460000000000002,1.3281333333333334,1.5000732756314414,1.55606,-0.11005995655059797
2007-11-15 09:00:00,1.3233333333333337,1.4460000000000002,1.6296799545848466,1.6050469,-0.2817135349909461
2007-11-15 09:15:00,1.2677333333333334,1.3233333333333337,1.386707529427529,1.4092253,-0.14149201132456457
2007-11-15 09:30:00,1.3882666666666668,1.2677333333333334,1.3016853737103702,1.2631263,0.12514041258494069
2007-11-15 09:45:00,1.2829333333333333,1.3882666666666668,1.3686390803335298,1.3659487,-0.08301534372965502
2007-11-15 10:00:00,1.2953333333333332,1.2829333333333333,1.2909615497731937,1.2319143,0.06341905148824045
2007-11-15 10:15:00,1.362,1.2953333333333332,1.31027820076425,1.240775,0.1212250108718873
2007-11-15 10:30:00,1.3272000000000002,1.362,1.3581701032867801,1.3089,0.0183000013351442
2007-11-15 10:45:00,1.356933333333333,1.3272000000000002,1.351109017758696,1.3129978,0.04393551534016904
2007-11-15 11:00:00,1.3516,1.356933333333333,1.3737937760918688,1.3386186,0.012981363868713292
2007-11-15 11:15:00,1.2953333333333332,1.3516,1.4318163992498114,1.3866569,-0.09132354704538992
2007-11-15 11:30:00,0.8245333333333333,1.2953333333333332,1.3154634615632055,1.2300663,-0.4055329661051432
2007-11-15 11:45:00,0.2969333333333333,0.8245333333333333,0.7020736123325599,0.58953667,-0.29260333353678386
2007-11-15 12:00:00,0.2693333333333333,0.2969333333333333,0.3857292637476657,0.3145177,-0.04518437329928082
2007-11-15 12:15:00,0.3313333333333333,0.2693333333333333,0.36855427338725877,0.31167737,0.019655966838200867
2007-11-15 12:30:00,0.3013333333333333,0.3313333333333333,0.3896737982361179,0.3408345,-0.03950116507212326
2007-11-15 12:45:00,0.2548,0.3013333333333333,0.3482134090865436,0.33800873,-0.08320873160362241
2007-11-15 13:00:00,0.2692,0.2548,0.3439386266632943,0.33476698,-0.06556698398590088
2007-11-15 13:15:00,0.3112,0.2692,0.3426797156433814,0.32702836,-0.0158283639431
2007-11-15 13:30:00,0.2256,0.3112,0.3423795385627863,0.34858653,-0.12298652949333191
2007-11-15 13:45:00,0.4793333333333333,0.2256,0.33346783561347915,0.30439204,0.1749412935574849
2007-11-15 14:00:00,0.5656,0.4793333333333333,0.6339698552819905,0.6596149,-0.09401492061614991
2007-11-15 14:15:00,0.4396,0.5656,0.7611829227700959,0.7022135,-0.26261352577209474
2007-11-15 14:30:00,0.5733333333333334,0.4396,0.5623732840776843,0.5365802,0.03675312836964928
2007-11-15 14:45:00,0.4867999999999999,0.5733333333333334,0.8457652784098144,0.76212084,-0.2753208429336549
2007-11-15 15:00:00,0.4131999999999999,0.4867999999999999,0.5673660024518875,0.5641366,-0.15093662433624278
2007-11-15 15:15:00,0.5457333333333333,0.4131999999999999,0.5027594205448868,0.4707781,0.07495522569020585
2007-11-15 15:30:00,0.4678666666666666,0.5457333333333333,0.631336885275366,0.6981829,-0.2303162142117819
2007-11-15 15:45:00,0.5005333333333334,0.4678666666666666,0.5644099570055446,0.56118476,-0.060651430575052845
2007-11-15 16:00:00,0.568,0.5005333333333334,0.5686724781830529,0.5716562,-0.003656227111816457
2007-11-15 16:15:00,0.2816,0.568,0.730432784060018,0.7049187,-0.4233186825752258
2007-11-15 16:30:00,0.2610666666666666,0.2816,0.41695984114653,0.35127792,-0.09021125095685328
2007-11-15 16:45:00,0.3572,0.2610666666666666,0.40567605988797334,0.35570198,0.001498017024993914
2007-11-15 17:00:00,0.2248,0.3572,0.46430744822478753,0.47310242,-0.2483024205684662
2007-11-15 17:15:00,0.3157333333333333,0.2248,0.3394545172523038,0.36307147,-0.0473381381193797
2007-11-15 17:30:00,0.358,0.3157333333333333,0.3510083128719092,0.39253092,-0.034530918121337906
2007-11-15 17:45:00,1.0262666666666669,0.358,0.4310120428261056,0.44556957,0.5806970918337506
2007-11-15 18:00:00,1.4094666666666666,1.0262666666666669,1.483051420758914,1.6726378,-0.2631711535771688
2007-11-15 18:15:00,0.4661333333333333,1.4094666666666666,1.5606096752221748,1.6266135,-1.1604801644007365
2007-11-15 18:30:00,0.4092,0.4661333333333333,0.4861457163838068,0.5970978,-0.18789781408309936
2007-11-15 18:45:00,1.4741333333333335,0.4092,0.5005083764614516,0.5982851,0.8758482543309531
2007-11-15 19:00:00,3.624666666666667,1.4741333333333335,1.8138386041016696,1.7676978,1.8569688555399582
2007-11-15 19:15:00,3.7510666666666665,3.624666666666667,2.9059521826899997,2.6991072,1.051959496561686
2007-11-15 19:30:00,3.5250666666666666,3.7510666666666665,3.0668425902731387,2.9935508,0.5315158892313638
2007-11-15 19:45:00,2.6988,3.5250666666666666,2.955628854571088,3.0748544,-0.3760543739318849
2007-11-15 20:00:00,1.6005333333333336,2.6988,2.517475063983097,2.3451066,-0.7445732683817543
2007-11-15 20:15:00,1.7173333333333334,1.6005333333333336,1.6310620980205093,1.6159259,0.1014074252446493
2007-11-15 20:30:00,2.3117333333333336,1.7173333333333334,2.011502625996161,2.1516252,0.16010817693074575
2007-11-15 20:45:00,2.731333333333333,2.3117333333333336,2.3966199590953883,2.7463048,-0.014971417109171714
2007-11-15 21:00:00,4.210666666666667,2.731333333333333,2.574446428088193,2.5281744,1.6824922663370767
2007-11-15 21:15:00,2.1577333333333333,4.210666666666667,3.235181536375244,3.4098532,-1.2521198866526286
2007-11-15 21:30:00,1.6578666666666666,2.1577333333333333,1.9750758479432116,2.060248,-0.40238123143514004
2007-11-15 21:45:00,0.728,1.6578666666666666,1.647126228878586,1.690757,-0.9627570362091065
2007-11-15 22:00:00,0.4649333333333333,0.728,0.8208017389673528,0.5809465,-0.11601317173639936
2007-11-15 22:15:00,0.7168,0.4649333333333333,0.5956588169418049,0.5158809,0.20091911725997924
2007-11-15 22:30:00,2.868666666666667,0.7168,1.2925372318484423,1.0800933,1.788573402086894
2007-11-15 22:45:00,2.32,2.868666666666667,3.0814682322732927,2.4278126,-0.10781257629394547
2007-11-15 23:00:00,0.8089333333333334,2.32,2.215785675693238,1.8174927,-1.0085593901316323
2007-11-15 23:15:00,0.3658666666666667,0.8089333333333334,0.8207543653850332,0.62067056,-0.25480389035542805
2007-11-15 23:30:00,0.2306666666666666,0.3658666666666667,0.4646745562129514,0.4627021,-0.23203542884190884
2007-11-15 23:45:00,0.3025333333333334,0.2306666666666666,0.38088441889872876,0.38700283,-0.08446949240366614
2007-11-16 00:00:00,0.3208,0.3025333333333334,0.3527979162690814,0.41759157,-0.09679157180786135
2007-11-16 00:15:00,0.3016,0.3208,0.29882043070704706,0.3019134,-0.000313410425186178
2007-11-16 00:30:00,0.3512,0.3016,0.3041424110636861,0.29780525,0.05339475030899049
2007-11-16 00:45:00,0.2686666666666666,0.3512,0.3071687812282987,0.304696,-0.036029326995213884
2007-11-16 01:00:00,0.2305333333333333,0.2686666666666666,0.3044997705339649,0.29842594,-0.06789260932604474
2007-11-16 01:15:00,0.3466666666666667,0.2305333333333333,0.3023623992155192,0.29276073,0.05390593687693279
2007-11-16 01:30:00,0.2544,0.3466666666666667,0.32669863594911697,0.30182576,-0.04742576179504393
2007-11-16 01:45:00,0.2634666666666667,0.2544,0.31242101638002767,0.29909566,-0.03562899378140766
2007-11-16 02:00:00,0.4045333333333333,0.2634666666666667,0.302227408494074,0.29591155,0.10862178281148271
2007-11-16 02:15:00,0.2566666666666666,0.4045333333333333,0.3089824961103843,0.35897046,-0.10230379660924283
2007-11-16 02:30:00,0.2736,0.2566666666666666,0.3018925521419586,0.30123088,-0.02763087763786315
2007-11-16 02:45:00,0.3261333333333333,0.2736,0.3037277677310555,0.29359642,0.032536916621526024
2007-11-16 03:00:00,0.2289333333333333,0.3261333333333333,0.3063206346109605,0.29306355,-0.06413021785418196
2007-11-16 03:15:00,0.2878666666666666,0.2289333333333333,0.29942951835311077,0.29099047,-0.003123805173238181
2007-11-16 03:30:00,0.3098666666666667,0.2878666666666666,0.3037277677310555,0.2912065,0.01866015779177349
2007-11-16 03:45:00,0.2854666666666666,0.3098666666666667,0.3052856311696267,0.28942305,-0.003956381829579747
2007-11-16 04:00:00,0.3281333333333334,0.2854666666666666,0.3041424110636861,0.2960713,0.032062042363484755
2007-11-16 04:15:00,0.2969333333333333,0.3281333333333334,0.30450881357926113,0.29592082,0.0010125142892201677
2007-11-16 04:30:00,0.2562666666666666,0.2969333333333333,0.2968953761064854,0.28894252,-0.03267584918340055
2007-11-16 04:45:00,0.2878666666666667,0.2562666666666666,0.3044997705339649,0.2960713,-0.008204624303181918
2007-11-16 05:00:00,0.2853333333333333,0.2878666666666667,0.30516707746015714,0.29908502,-0.013751687685648606
2007-11-16 05:15:00,0.2642666666666666,0.2853333333333333,0.305323182072797,0.29750067,-0.03323400328954068
2007-11-16 05:30:00,0.3076,0.2642666666666666,0.30490372395271026,0.30339968,0.004200317955017074
2007-11-16 05:45:00,0.3453333333333333,0.3076,0.3059481233083628,0.29981384,0.0455194965203603
2007-11-16 06:00:00,0.2705333333333333,0.3453333333333333,0.5972435596793119,0.758096,-0.48756264635721847
2007-11-16 06:15:00,0.2998666666666666,0.2705333333333333,0.5325283244672999,0.60531205,-0.3054453827222189
2007-11-16 06:30:00,2.3904,0.2998666666666666,0.4758289609703564,0.66032964,1.7300703600883485
2007-11-16 06:45:00,2.8274666666666666,2.3904,2.324367140912372,2.0834775,0.7439891695658365
2007-11-16 07:00:00,2.9241333333333333,2.8274666666666666,2.380882126196441,2.3124657,0.6116676656087239
2007-11-16 07:15:00,2.901333333333333,2.9241333333333333,2.5808457293521774,2.2188258,0.6825075162251788
2007-11-16 07:30:00,2.5050666666666666,2.901333333333333,2.452053725133601,2.2716684,0.23339823252360015
2007-11-16 07:45:00,2.1906666666666665,2.5050666666666666,2.4204103255879135,2.2159743,-0.02530766423543307
2007-11-16 08:00:00,2.004,2.1906666666666665,2.1906413585680813,1.9089216,0.09507840061187744
2007-11-16 08:15:00,2.009333333333333,2.004,2.0911529990242377,1.9072942,0.1020391791661579
2007-11-16 08:30:00,2.098666666666667,2.009333333333333,2.159194601322687,1.9649849,0.13368177286783878
2007-11-16 08:45:00,2.090133333333333,2.098666666666667,2.1422747239187463,1.9728194,0.11731388581593816
2007-11-16 09:00:00,1.4568,2.090133333333333,2.12888393997721,1.9261528,-0.4693528253555297
2007-11-16 09:15:00,1.3857333333333333,1.4568,1.5377766711984788,1.4916224,-0.10588911463419604
2007-11-16 09:30:00,1.4213333333333331,1.3857333333333333,1.4093239230238301,1.4828928,-0.06155941836039247
2007-11-16 09:45:00,1.3405333333333334,1.4213333333333331,1.4914010428549125,1.5408341,-0.2003007359186808
2007-11-16 10:00:00,1.5608,1.3405333333333334,1.3899386782700587,1.4321846,0.12861542301177975
2007-11-16 10:15:00,1.3654666666666666,1.5608,1.597302502851805,1.5786412,-0.21317450955708828
2007-11-16 10:30:00,1.3881333333333332,1.3654666666666666,1.389096242137159,1.3681022,0.020031140454610075
2007-11-16 10:45:00,1.7132,1.3881333333333332,1.3908884536445176,1.4018036,0.31139638729095465
2007-11-16 11:00:00,1.5494666666666668,1.7132,1.8839648670025675,1.6924037,-0.14293700745900462
2007-11-16 11:15:00,1.6366666666666667,1.5494666666666668,1.5518528301176286,1.5784411,0.05822552363077804
2007-11-16 11:30:00,1.610933333333333,1.6366666666666667,1.7894685196378857,1.7041751,-0.09324178129831973
2007-11-16 11:45:00,1.314,1.610933333333333,1.7361017990288212,1.7141172,-0.40011716938018793
2007-11-16 12:00:00,1.3630666666666664,1.314,1.3487378294959658,1.2981217,0.06494497591654436
2007-11-16 12:15:00,1.4522666666666666,1.3630666666666664,1.3722241826195736,1.3398354,0.11243126131693515
2007-11-16 12:30:00,1.5188,1.4522666666666666,1.4880803628082626,1.4702214,0.048578599739074635
2007-11-16 12:45:00,3.388,1.5188,1.4872264193276166,1.5411254,1.8468745832443236
2007-11-16 13:00:00,3.1076,3.388,2.48435961107188,2.263826,0.8437741065979005
2007-11-16 13:15:00,3.1293333333333333,3.1076,2.391345637606677,2.101126,1.0282073777516683
2007-11-16 13:30:00,5.461866666666666,3.1293333333333333,2.348912080102308,2.0547118,3.407154847971598
2007-11-16 13:45:00,3.8138666666666663,5.461866666666666,3.812721467836095,3.6348186,0.17904811274210575
2007-11-16 14:00:00,2.9997333333333334,3.8138666666666663,3.403297743779571,3.0353281,-0.035594816462198864
2007-11-16 14:15:00,1.5136,2.9997333333333334,2.480581921650315,2.2779288,-0.7643288291931152
2007-11-16 14:30:00,2.8836,1.5136,1.433761357712592,1.3265678,1.5570322309494018
2007-11-16 14:45:00,1.9098666666666664,2.8836,2.8109911609673564,2.341791,-0.4319242478688561
2007-11-16 15:00:00,2.1649333333333334,1.9098666666666664,1.8724002747826645,1.6969725,0.46796084397633875
2007-11-16 15:15:00,3.595733333333333,2.1649333333333334,2.2892991904198614,2.034856,1.5608772523244219
2007-11-16 15:30:00,3.247866666666667,3.595733333333333,2.8494210575417047,2.7757506,0.47211602961222354
2007-11-16 15:45:00,3.178533333333333,3.247866666666667,3.0021207299312676,2.7080479,0.47048546651204415
2007-11-16 16:00:00,2.8310666666666666,3.178533333333333,2.839829859913085,2.5300193,0.3010473833719889
2007-11-16 16:15:00,1.592666666666667,2.8310666666666666,2.7936014070474307,2.4488063,-0.8561396191914874
2007-11-16 16:30:00,2.446133333333333,1.592666666666667,1.4840644575244337,1.3649266,1.0812067567189532
2007-11-16 16:45:00,2.3642666666666665,2.446133333333333,2.3970524242293547,2.2685063,0.09576037813822413
2007-11-16 17:00:00,2.371466666666667,2.3642666666666665,2.457825945966304,2.3860967,-0.014630049260456968
2007-11-16 17:15:00,2.497466666666667,2.371466666666667,2.4689562336468667,2.438922,0.05854473826090523
2007-11-16 17:30:00,2.676533333333333,2.497466666666667,2.458900161978445,2.347001,0.3295322575887041
2007-11-16 17:45:00,2.7668000000000004,2.676533333333333,2.542882524839761,2.4403605,0.3264394538879398
2007-11-16 18:00:00,2.6632,2.7668000000000004,2.6913493409402363,2.5152726,0.1479273826599119
2007-11-16 18:15:00,2.9348,2.6632,2.5937405991948315,2.466937,0.46786293487548836
2007-11-16 18:30:00,2.76,2.9348,2.7856718433623473,2.9684865,-0.208486547470093
2007-11-16 18:45:00,1.8721333333333332,2.76,2.528023929768514,2.3751884,-0.503055017344157
2007-11-16 19:00:00,2.0390666666666664,1.8721333333333332,1.8610589596840306,1.8404119,0.19865476519266734
2007-11-16 19:15:00,1.8978666666666664,2.0390666666666664,2.272279547606016,2.1719766,-0.2741098996480309
2007-11-16 19:30:00,1.5704,1.8978666666666664,1.8960992959613043,1.9359297,-0.36552965602874754
2007-11-16 19:45:00,2.6322666666666668,1.5704,1.7707502316738657,1.704428,0.9278387091318767
2007-11-16 20:00:00,4.907066666666667,2.6322666666666668,2.6540993998441813,2.736866,2.170200669352214
2007-11-16 20:15:00,3.2573333333333334,4.907066666666667,3.9445695961714606,3.7587378,-0.5014044691721598
2007-11-16 20:30:00,1.997866666666667,3.2573333333333334,2.8141962318461253,2.680801,-0.6829342480977374
2007-11-16 20:45:00,2.990133333333333,1.997866666666667,1.8767358352432737,1.8726734,1.1174599410374957
2007-11-16 21:00:00,1.0226666666666666,2.990133333333333,2.912522630552213,2.7920434,-1.7693767808278402
2007-11-16 21:15:00,1.0957333333333332,1.0226666666666666,1.277473603012066,1.1528049,-0.057071518198649196
2007-11-16 21:30:00,0.8618666666666667,1.0957333333333332,1.4920181754860047,1.488114,-0.6262473327000936
2007-11-16 21:45:00,0.7864,0.8618666666666667,0.9924372714282448,1.1998563,-0.4134562812805176
2007-11-16 22:00:00,0.6374666666666666,0.7864,0.8986667780284852,0.8320604,-0.19459373000462854
2007-11-16 22:15:00,0.5726666666666667,0.6374666666666666,0.8031874236827093,0.7956028,-0.2229361317952474
2007-11-16 22:30:00,0.6573333333333334,0.5726666666666667,0.6979763533244844,0.71983975,-0.06250641838709503
2007-11-16 22:45:00,0.5258666666666667,0.6573333333333334,0.8640168037897054,0.8251113,-0.29924466288884477
2007-11-16 23:00:00,0.5253333333333333,0.5258666666666667,0.5983737040487856,0.5695368,-0.04420347181955975
2007-11-16 23:15:00,0.8084,0.5253333333333333,0.605371678989179,0.60862625,0.19977375354766846
2007-11-16 23:30:00,1.0533333333333337,0.8084,0.9276383312738461,0.967657,0.08567630370458001
2007-11-16 23:45:00,1.3624,1.0533333333333337,1.3728816260391394,1.0321695,0.3302305387496949
2007-11-17 00:00:00,1.5048,1.3624,0.8976468176262397,0.9837518,0.5210482261657714
2007-11-17 00:15:00,0.5789333333333333,1.5048,1.2133896462812221,1.1927527,-0.6138193855921428
2007-11-17 00:30:00,0.3073333333333333,0.5789333333333333,0.5028594523613955,0.3485877,-0.04125435845057174
2007-11-17 00:45:00,0.2873333333333333,0.3073333333333333,0.29505530423238224,0.28500238,0.002330952723820945
2007-11-17 01:00:00,0.2229333333333333,0.2873333333333333,0.29809781357023807,0.2631741,-0.040240753475825036
2007-11-17 01:15:00,0.3297333333333333,0.2229333333333333,0.2905404535648077,0.30210656,0.027626774056752512
2007-11-17 01:30:00,0.2548,0.3297333333333333,0.2984910086552726,0.30301392,-0.048213920783996556
2007-11-17 01:45:00,0.3285333333333333,0.2548,0.30527658812433045,0.29741555,0.03111777880986527
2007-11-17 02:00:00,0.3141333333333333,0.3285333333333333,0.3037277677310555,0.2955557,0.018577622540791816
2007-11-17 02:15:00,0.2408,0.3141333333333333,0.3069000310399879,0.29903182,-0.05823182387351991
2007-11-17 02:30:00,0.2713333333333333,0.2408,0.3029192844242578,0.29096097,-0.01962763420740765
2007-11-17 02:45:00,0.2965333333333333,0.2713333333333333,0.3026833683754029,0.29327282,0.00326051023801166
2007-11-17 03:00:00,0.2344,0.2965333333333333,0.3031070547533298,0.29375494,-0.059354935264587405
2007-11-17 03:15:00,0.2918666666666666,0.2344,0.3071728731228403,0.27165943,0.020207232824961285
2007-11-17 03:30:00,0.3553333333333333,0.2918666666666666,0.3037277677310555,0.2896122,0.06572112949689224
2007-11-17 03:45:00,0.2322666666666666,0.3553333333333333,0.30132388569597385,0.31435096,-0.08208429597218839
2007-11-17 04:00:00,0.3017333333333333,0.2322666666666666,0.30320276709464816,0.28786895,0.013864386542638107
2007-11-17 04:15:00,0.2764,0.3017333333333333,0.3032718078497265,0.29033425,-0.013934254503250143
2007-11-17 04:30:00,0.2344,0.2764,0.30600012977094637,0.2957477,-0.06134769735336304
2007-11-17 04:45:00,0.3617333333333333,0.2344,0.3069275533933593,0.294658,0.06707532809575395
2007-11-17 05:00:00,0.2744,0.3617333333333333,0.408297738661701,0.32525173,-0.05085172829627993
2007-11-17 05:15:00,0.3153333333333333,0.2744,0.30743943950004804,0.2942932,0.02104013832410173
2007-11-17 05:30:00,0.3030666666666667,0.3153333333333333,0.3064040831896917,0.29184553,0.011221136395136555
2007-11-17 05:45:00,0.2709333333333333,0.3030666666666667,0.3087953006504185,0.28586656,-0.014933225218455026
2007-11-17 06:00:00,0.2361333333333333,0.2709333333333333,0.4350275297358076,0.48480085,-0.24866751205126447
2007-11-17 06:15:00,0.3090666666666666,0.2361333333333333,0.40895467189045964,0.44570842,-0.13664175718625393
2007-11-17 06:30:00,0.2637333333333333,0.3090666666666666,0.40444851435485235,0.46042868,-0.19669535161654156
2007-11-17 06:45:00,0.2317333333333333,0.2637333333333333,0.5223825470076772,0.49309513,-0.26136179639498397
2007-11-17 07:00:00,0.3852,0.2317333333333333,0.5382454550679785,0.43151402,-0.04631402473449708
2007-11-17 07:15:00,0.4058666666666666,0.3852,1.00185284018554,0.72434324,-0.3184765735944113
2007-11-17 07:30:00,1.1233333333333335,0.4058666666666666,0.9120358030666468,0.67369306,0.44964027245839455
2007-11-17 07:45:00,1.8801333333333332,1.1233333333333335,1.3965583555674939,1.4162022,0.46393114579518624
2007-11-17 08:00:00,1.73,1.8801333333333332,1.817380110779294,1.7438345,-0.013834495544433612
2007-11-17 08:15:00,2.8084,1.73,1.7300500831318748,1.6975257,1.1108742603302
2007-11-17 08:30:00,1.4757333333333331,2.8084,2.1167919399506125,2.015111,-0.5393776362101239
2007-11-17 08:45:00,1.5222666666666669,1.4757333333333331,1.4645280478028035,1.409832,0.112434665934245
2007-11-17 09:00:00,1.516133333333333,1.5222666666666669,1.602033993808931,1.7071704,-0.19103703390757265
2007-11-17 09:15:00,1.3557333333333337,1.516133333333333,1.5419302818232818,1.7049062,-0.3491728918711341
2007-11-17 09:30:00,1.3089333333333333,1.3557333333333337,1.4210830944394375,1.5432128,-0.23427943808237717
2007-11-17 09:45:00,1.3362666666666667,1.3089333333333333,1.3845912766579902,1.4150249,-0.07875820992787674
2007-11-17 10:00:00,1.3316,1.3362666666666667,1.389538281120754,1.4293242,-0.09772415008544932
2007-11-17 10:15:00,1.2710666666666666,1.3316,1.3593971557237683,1.3921245,-0.12105786698659271
2007-11-17 10:30:00,1.7066666666666668,1.2710666666666666,1.2638100375837902,1.2728871,0.43377955595652273
2007-11-17 10:45:00,1.8292,1.7066666666666668,1.8444479341365543,1.750683,0.07851704998016351
2007-11-17 11:00:00,1.6834666666666669,1.8292,1.8540898951819147,1.7362151,-0.05274844792683897
2007-11-17 11:15:00,1.7577333333333334,1.6834666666666669,1.8176189725383376,1.7233336,0.03439973615010583
2007-11-17 11:30:00,2.0316,1.7577333333333334,1.8286298432832053,1.7586939,0.2729060665130616
2007-11-17 11:45:00,1.7171999999999998,2.0316,2.0669628390154964,1.9738625,-0.2566625288009645
2007-11-17 12:00:00,1.838,1.7171999999999998,1.6859816114242392,1.7402446,0.09775537300109871
2007-11-17 12:15:00,1.8197333333333328,1.838,1.9286003557211726,1.9688014,-0.14906804587046363
2007-11-17 12:30:00,1.8541333333333332,1.8197333333333328,1.8658121984511513,1.9232513,-0.06911793791453058
2007-11-17 12:45:00,2.0264,1.8541333333333332,1.8890000809789973,1.9376564,0.08874359741210958
2007-11-17 13:00:00,2.272666666666667,2.0264,2.0921950990048064,1.9446883,0.3279783465067547
2007-11-17 13:15:00,1.6312,2.272666666666667,2.164717611614854,2.0635345,-0.4323344982147217
2007-11-17 13:30:00,1.514133333333333,1.6312,1.6221120723699014,1.5935768,-0.0794434555689496
2007-11-17 13:45:00,1.7644,1.514133333333333,1.537486786711134,1.7049513,0.059448713684082
2007-11-17 14:00:00,3.2390666666666665,1.7644,2.108396182893842,1.8965082,1.3425584498087564
2007-11-17 14:15:00,2.974933333333333,3.2390666666666665,3.005172430637736,2.547662,0.4272713136037187
2007-11-17 14:30:00,4.7868,2.974933333333333,2.547072123386923,2.377899,2.4089010684967045
2007-11-17 14:45:00,2.070533333333333,4.7868,3.9694898555074123,3.7067153,-1.6361820120493573
2007-11-17 15:00:00,1.924,2.070533333333333,1.8199233358498232,1.8185155,0.10548446083068841
2007-11-17 15:15:00,1.8485333333333331,1.924,2.0840498713244857,1.921394,-0.07286065718332946
2007-11-17 15:30:00,3.050266666666667,1.8485333333333331,1.9595221716044906,1.8926755,1.157591147677104
2007-11-17 15:45:00,2.5962666666666667,3.050266666666667,3.35855229336638,2.6988118,-0.10254510281880691
2007-11-17 16:00:00,1.8592,2.5962666666666667,2.3738659688657053,2.1721356,-0.31293559150695804
2007-11-17 16:15:00,1.6946666666666663,1.8592,1.8803629913145425,1.77768,-0.08301337273915643
2007-11-17 16:30:00,1.7645333333333333,1.6946666666666663,1.7880645775220365,1.759252,0.0052813811620076034
2007-11-17 16:45:00,1.7401333333333333,1.7645333333333333,2.003973867620836,1.9443812,-0.204247903696696
2007-11-17 17:00:00,1.9561333333333333,1.7401333333333333,1.8085393289865082,1.8550657,0.10106762994130447
2007-11-17 17:15:00,1.7741333333333336,1.9561333333333333,1.9827057014814082,2.110636,-0.3365026625315346
2007-11-17 17:30:00,1.8593333333333333,1.7741333333333336,1.8635893140210635,1.8968202,-0.03748685423533127
2007-11-17 17:45:00,5.0576,1.8593333333333333,1.89904590380792,1.994862,3.062738039588928
2007-11-17 18:00:00,5.642933333333334,5.0576,3.7337377069393067,3.7717965,1.8711368684132896
2007-11-17 18:15:00,5.075066666666667,5.642933333333334,4.652691519739024,5.2172165,-0.14214982503255147
2007-11-17 18:30:00,3.8738666666666655,5.075066666666667,4.4571788768729235,4.4676437,-0.5937770711263033
2007-11-17 18:45:00,3.5676,3.8738666666666655,3.0973431872286166,3.080832,0.48676799545288096
2007-11-17 19:00:00,4.128933333333333,3.5676,3.5247060837760107,3.1901631,0.9387701978047689
2007-11-17 19:15:00,5.355733333333333,4.128933333333333,3.7462537893575085,3.562463,1.793270288213094
2007-11-17 19:30:00,4.1888,5.355733333333333,4.402554891702335,4.27894,-0.09014020080566443
2007-11-17 19:45:00,4.149866666666667,4.1888,3.9444144672156027,3.5883029,0.5615638159434004
2007-11-17 20:00:00,4.069333333333334,4.149866666666667,3.615890854148317,3.5917182,0.4776151364644372
2007-11-17 20:15:00,3.1378666666666666,4.069333333333334,3.6467924739326554,3.391406,-0.25353939259847014
2007-11-17 20:30:00,2.5528,3.1378666666666666,2.9378683393693437,2.7179437,-0.16514366836547856
2007-11-17 20:45:00,1.8266666666666669,2.5528,2.408049701765116,2.3219476,-0.49528090794881163
2007-11-17 21:00:00,2.6658666666666666,1.8266666666666669,1.771442812900929,1.7130715,0.9527952011744181
2007-11-17 21:15:00,2.759466666666667,2.6658666666666666,2.735432728688995,2.7277946,0.03167201944987008
2007-11-17 21:30:00,4.136933333333333,2.759466666666667,2.576664453504376,2.5026772,1.634256131108602
2007-11-17 21:45:00,2.6242666666666663,4.136933333333333,3.5892762534918528,3.9729507,-1.3486840302785241
2007-11-17 22:00:00,2.1670666666666665,2.6242666666666663,2.540926488879108,2.3237035,-0.15663686078389505
2007-11-17 22:15:00,1.9486666666666668,2.1670666666666665,2.066686519080798,1.998105,-0.04943838246663401
2007-11-17 22:30:00,2.248533333333333,1.9486666666666668,1.786826175653704,1.7697918,0.47874149182637504
2007-11-17 22:45:00,2.3872,2.248533333333333,2.232627326693842,2.0654879,0.3217121383666992
2007-11-17 23:00:00,2.122,2.3872,2.5401500788823346,2.260996,-0.13899610328674328
2007-11-17 23:15:00,3.5028,2.122,2.1494592503547385,1.9428678,1.5599322441101076
2007-11-17 23:30:00,3.9885333333333337,3.5028,2.5931385108292546,3.056362,0.9321714196523034
2007-11-17 23:45:00,3.606933333333333,3.9885333333333337,3.2417006530619674,3.713738,-0.10680463129679385
2007-11-18 00:00:00,3.3526666666666665,3.606933333333333,3.170617161687835,3.0887585,0.2639081980387368
2007-11-18 00:15:00,3.122266666666667,3.3526666666666665,3.0428511005635652,2.5922167,0.5300499365488691
2007-11-18 00:30:00,2.9816,3.122266666666667,2.711613645379408,2.5094328,0.4721672073364256
2007-11-18 00:45:00,3.2578666666666662,2.9816,2.738873665905985,2.3672373,0.890629337183634
2007-11-18 01:00:00,1.4136,3.2578666666666662,3.079610958568625,2.6556704,-1.2420704044342041
2007-11-18 01:15:00,0.376,1.4136,1.3326097449257481,1.2477316,-0.8717315664291382
2007-11-18 01:30:00,0.4526666666666666,0.376,0.8728122457239119,0.80370253,-0.35103586657842006
2007-11-18 01:45:00,0.3666666666666666,0.4526666666666666,0.9140763101377081,0.8626632,-0.4959965427716574
2007-11-18 02:00:00,0.8804,0.3666666666666666,1.2028275295740734,0.83828735,0.04211264648437496
2007-11-18 02:15:00,2.0624,0.8804,1.2999950421759243,1.0859158,0.976484196090698
2007-11-18 02:30:00,0.2568,2.0624,1.988114224253781,1.709156,-1.4523560363769532
2007-11-18 02:45:00,0.3286666666666666,0.2568,0.3013441205214859,0.2743987,0.05426795236269627
2007-11-18 03:00:00,0.3278666666666667,0.3286666666666666,0.31006027744870157,0.28976786,0.03809880530039472
2007-11-18 03:15:00,0.3136,0.3278666666666667,0.30394930976294476,0.29446515,0.01913484559059142
2007-11-18 03:30:00,0.4105333333333333,0.3136,0.3471088240280936,0.37038428,0.04014905742009478
2007-11-18 03:45:00,0.3049333333333333,0.4105333333333333,0.3164939057650271,0.35664296,-0.05170962816874192
2007-11-18 04:00:00,0.2565333333333333,0.3049333333333333,0.3145882886995995,0.30073598,-0.04420264693895981
2007-11-18 04:15:00,0.3608,0.2565333333333333,0.3099062692926906,0.29943794,0.06136205987930299
2007-11-18 04:30:00,0.2869333333333334,0.3608,0.3085106880058557,0.32003003,-0.03309670025507605
2007-11-18 04:45:00,0.2558666666666667,0.2869333333333334,0.3112715263573797,0.30587313,-0.050006459124882996
2007-11-18 05:00:00,0.4416,0.2558666666666667,0.31125602165603833,0.2996325,0.1419675103187561
2007-11-18 05:15:00,0.2957333333333333,0.4416,0.6516238272320889,0.5601963,-0.26446294714609786
2007-11-18 05:30:00,0.2556,0.2957333333333333,0.3132898796464863,0.30523583,-0.04963583292961121
2007-11-18 05:45:00,0.3994666666666667,0.2556,0.31274733784772357,0.29573053,0.10373613545099897
2007-11-18 06:00:00,0.2565333333333333,0.3994666666666667,0.7737238201098182,0.59681576,-0.34028243157068894
2007-11-18 06:15:00,0.2581333333333333,0.2565333333333333,0.42485285901575925,0.47781667,-0.21968333779970806
2007-11-18 06:30:00,0.3998666666666667,0.2581333333333333,0.3952456029538072,0.46226004,-0.06239337099393205
2007-11-18 06:45:00,0.3023999999999999,0.3998666666666667,0.7792547487612363,0.58339584,-0.2809958387374879
2007-11-18 07:00:00,0.3156,0.3023999999999999,0.4178016826782672,0.42639968,-0.11079967799186707
2007-11-18 07:15:00,0.3834666666666667,0.3156,0.39729873179219355,0.4097087,-0.0262420418580373
2007-11-18 07:30:00,0.2574666666666667,0.3834666666666667,0.77487073393334,0.57607895,-0.3186122846921285
2007-11-18 07:45:00,0.2974666666666666,0.2574666666666667,0.45356318058228035,0.4996769,-0.2022102463563284
2007-11-18 08:00:00,1.3814666666666668,0.2974666666666666,0.3706182073083756,0.42997345,0.9514932133833569
2007-11-18 08:15:00,1.2145333333333332,1.3814666666666668,1.4710748170764374,1.5616971,-0.34716379210154225
2007-11-18 08:30:00,1.5914666666666666,1.2145333333333332,1.5527131030326191,1.1367044,0.4547622217814127
2007-11-18 08:45:00,0.646,1.5914666666666666,1.6880902382402392,1.7048979,-1.0588978805541993
2007-11-18 09:00:00,0.3725333333333333,0.646,0.7308059404063653,0.6999478,-0.3274144410769145
2007-11-18 09:15:00,0.4402666666666667,0.3725333333333333,0.4948620530506116,0.54780954,-0.10754287455876665
2007-11-18 09:30:00,0.5256000000000001,0.4402666666666667,0.5920902920239491,0.5907296,-0.06512959423065179
2007-11-18 09:45:00,0.8118666666666666,0.5256000000000001,0.6494803557984582,0.771544,0.040322687021891235
2007-11-18 10:00:00,2.0390666666666664,0.8118666666666666,0.9082951069953136,1.0569118,0.9821548405329383
2007-11-18 10:15:00,2.023333333333333,2.0390666666666664,2.0608499988387137,1.9058578,0.11747553189595505
2007-11-18 10:30:00,1.8088,2.023333333333333,2.004908376168265,1.8671818,-0.0583817779541016
2007-11-18 10:45:00,1.8102666666666667,1.8088,1.796822341260115,1.8040913,0.006175332323710148
2007-11-18 11:00:00,1.1328,1.8102666666666667,1.830850359898135,1.8720024,-0.739202363204956
2007-11-18 11:15:00,3.0241333333333333,1.1328,1.2918003577907695,1.2323418,1.7917915669759115
2007-11-18 11:30:00,3.7344,3.0241333333333333,2.6437793698370173,2.3604584,1.3739416259765624
2007-11-18 11:45:00,2.258666666666667,3.7344,3.0905401461121658,3.0498078,-0.7911411202748613
2007-11-18 12:00:00,3.1169333333333333,2.258666666666667,1.9978755190400066,1.9647852,1.1521481150945028
2007-11-18 12:15:00,2.296533333333333,3.1169333333333333,2.5556471781265486,2.341246,-0.044712556330363196
2007-11-18 12:30:00,1.5074666666666665,2.296533333333333,2.0332261798116336,1.918389,-0.410922296079
2007-11-18 12:45:00,0.74,1.5074666666666665,1.5083826880631677,1.5989426,-0.8589426374435425
2007-11-18 13:00:00,0.6712,0.74,0.861761406079877,0.9637174,-0.2925174010276794
2007-11-18 13:15:00,0.5364000000000001,0.6712,0.9649679112596264,1.2591074,-0.7227073513031005
2007-11-18 13:30:00,0.6138666666666667,0.5364000000000001,0.6811023908267632,0.9267692,-0.31290253032048543
2007-11-18 13:45:00,1.6916,0.6138666666666667,0.8144693309565354,0.9191289,0.7724711051940918
2007-11-18 14:00:00,1.4531999999999998,1.6916,1.9147508336364722,1.8002219,-0.3470219200134279
2007-11-18 14:15:00,0.6485333333333333,1.4531999999999998,1.4855812876988959,1.5011245,-0.8525911678949992
2007-11-18 14:30:00,0.3736,0.6485333333333333,0.7606908208553043,0.6918592,-0.3182591856956482
2007-11-18 14:45:00,0.3049333333333333,0.3736,0.5033729641370023,0.5244303,-0.21949694163004563
2007-11-18 15:00:00,0.412,0.3049333333333333,0.4140731196676517,0.51306236,-0.10106235790252688
2007-11-18 15:15:00,0.4190666666666666,0.412,0.5457991516436355,0.5571321,-0.13806545823415128
2007-11-18 15:30:00,0.3058666666666667,0.4190666666666666,0.526567295254215,0.53609514,-0.23022847569783528
2007-11-18 15:45:00,0.8378666666666666,0.3058666666666667,0.4255386207598484,0.39661503,0.441251638285319
2007-11-18 16:00:00,0.8342666666666666,0.8378666666666666,1.3975901235720771,1.4327724,-0.5985057313283285
2007-11-18 16:15:00,2.865866666666667,0.8342666666666666,0.9418153623923665,1.0218486,1.8440181072870891
2007-11-18 16:30:00,3.1970666666666667,2.865866666666667,2.370321920782503,2.1372778,1.0597888250986736
2007-11-18 16:45:00,1.9892,3.1970666666666667,3.347410086679008,2.590605,-0.6014050205230712
2007-11-18 17:00:00,1.752133333333333,1.9892,1.9244484915724138,1.9445288,-0.19239548479716007
2007-11-18 17:15:00,2.3488,1.752133333333333,1.7142266721619155,2.0370355,0.3117645347595217
2007-11-18 17:30:00,1.5990666666666666,2.3488,2.546527432895752,2.4773533,-0.8782866677602132
2007-11-18 17:45:00,1.5642666666666665,1.5990666666666666,1.7037621787487627,1.6832244,-0.11895777295430521
2007-11-18 18:00:00,1.663333333333333,1.5642666666666665,1.6977903746911533,1.7814668,-0.11813350836435976
2007-11-18 18:15:00,2.6742666666666666,1.663333333333333,1.881355835583916,1.8947762,0.7794904415766397
2007-11-18 18:30:00,4.462933333333334,2.6742666666666666,2.920319519982211,2.6172147,1.8457186536153163
2007-11-18 18:45:00,4.7072,4.462933333333334,3.546166328382821,3.4101553,1.2970447036743167
2007-11-18 19:00:00,4.680933333333333,4.7072,4.246098839430904,4.035811,0.6451223859151201
2007-11-18 19:15:00,2.764533333333333,4.680933333333333,4.347357978324191,3.82778,-1.063246674982707
2007-11-18 19:30:00,2.6326666666666667,2.764533333333333,2.779808770458787,2.230909,0.4017575575510661
2007-11-18 19:45:00,3.759333333333333,2.6326666666666667,2.5817455450858318,2.665902,1.0934314339955646
2007-11-18 20:00:00,4.534000000000001,3.759333333333333,4.064786240951716,3.560171,0.9738291110992439
2007-11-18 20:15:00,4.898,4.534000000000001,4.311135133681313,3.7443886,1.153611419677734
2007-11-18 20:30:00,3.674133333333333,4.898,4.295686288509812,4.482625,-0.8084916742960617
2007-11-18 20:45:00,2.8044,3.674133333333333,3.3826764211344584,3.1918194,-0.3874194293975832
2007-11-18 21:00:00,2.4790666666666668,2.8044,2.7959955113151604,2.51374,-0.034673396046956295
2007-11-18 21:15:00,2.909066666666667,2.4790666666666668,2.464337031468808,2.3220534,0.5870132342020673
2007-11-18 21:30:00,3.6902666666666666,2.909066666666667,3.138096266662281,3.1286268,0.5616398432413736
2007-11-18 21:45:00,1.4789333333333334,3.6902666666666666,3.7248449425680636,3.7217286,-2.2427952299753824
2007-11-18 22:00:00,1.4105333333333334,1.4789333333333334,1.4148417941725446,1.3176337,0.09289958527882902
2007-11-18 22:15:00,1.6065333333333334,1.4105333333333334,1.5066068062052493,1.3075359,0.298997446568807
2007-11-18 22:30:00,1.6150666666666669,1.6065333333333334,1.8353194042773548,1.7127427,-0.09767601960500061
2007-11-18 22:45:00,0.554,1.6150666666666669,2.0449062162320466,1.7947906,-1.2407906255722045
2007-11-18 23:00:00,0.3126666666666667,0.554,0.7033052549838343,0.4795451,-0.16687841995557146
2007-11-18 23:15:00,0.2562666666666666,0.3126666666666667,0.4165486287900073,0.3350683,-0.07880161879857389
2007-11-18 23:30:00,0.2885333333333333,0.2562666666666666,0.40485410965424656,0.3869923,-0.09845897218386335
2007-11-18 23:45:00,0.3150666666666666,0.2885333333333333,0.4079668307690955,0.327454,-0.012387334044774434
2007-11-19 00:00:00,0.2389333333333333,0.3150666666666666,0.31974347237096074,0.28757513,-0.0486417923609416
2007-11-19 00:15:00,0.3738666666666666,0.2389333333333333,0.3218280472823408,0.30105203,0.07281463276545203
2007-11-19 00:30:00,0.3218666666666667,0.3738666666666666,0.33252686926314107,0.36101386,-0.03914719284375506
2007-11-19 00:45:00,0.2270666666666666,0.3218666666666667,0.3394002890261415,0.3068542,-0.07978752177556361
2007-11-19 01:00:00,0.3192,0.2270666666666666,0.30946802874137014,0.300393,0.01880701465606688
2007-11-19 01:15:00,0.2853333333333333,0.3192,0.304627669000097,0.29125562,-0.005922289768854783
2007-11-19 01:30:00,0.2328,0.2853333333333333,0.3041424110636861,0.29929346,-0.06649345846176147
2007-11-19 01:45:00,0.3308,0.2328,0.3024983531904432,0.28957263,0.0412273736476898
2007-11-19 02:00:00,0.3157333333333333,0.3308,0.3032718078497265,0.29360712,0.022126217587788877
2007-11-19 02:15:00,0.2929333333333333,0.3157333333333333,0.3041424110636861,0.29924375,-0.0063104148546854755
2007-11-19 02:30:00,0.326,0.2929333333333333,0.30781228156269924,0.3099648,0.01603519415855409
2007-11-19 02:45:00,0.2586666666666666,0.326,0.30664149231999716,0.29384622,-0.03517955311139431
2007-11-19 03:00:00,0.268,0.2586666666666666,0.3030980117080335,0.29201344,-0.02401343655586241
2007-11-19 03:15:00,0.3170666666666666,0.268,0.302227408494074,0.2889423,0.028124359432856183
2007-11-19 03:30:00,0.2498666666666666,0.3170666666666666,0.30450881357926113,0.29322472,-0.04335805548032132
2007-11-19 03:45:00,0.2981333333333333,0.2498666666666666,0.30198193597819356,0.29414865,0.003984679587682061
2007-11-19 04:00:00,0.3724,0.2981333333333333,0.3037277677310555,0.28732204,0.08507795562744142
2007-11-19 04:15:00,0.2435999999999999,0.3724,0.30110756850463594,0.34205297,-0.09845296635627757
2007-11-19 04:30:00,0.2930666666666666,0.2435999999999999,0.30214246683389223,0.28765103,0.005415634457270224
2007-11-19 04:45:00,0.2945333333333333,0.2930666666666666,0.3037277677310555,0.28732204,0.00721128896077472
2007-11-19 05:00:00,0.2414666666666666,0.2945333333333333,0.30672494089872837,0.29754966,-0.05608299830754604
2007-11-19 05:15:00,0.3068,0.2414666666666666,0.30267306849402326,0.29350504,0.01329495720863344
2007-11-19 05:30:00,0.2828,0.3068,0.30516707746015714,0.29340693,-0.010606933546066288
2007-11-19 05:45:00,0.3124,0.2828,0.3077602972090847,0.29882038,0.013579623603820812
2007-11-19 06:00:00,0.3706666666666667,0.3124,0.47842165623921545,0.5973442,-0.22667755301793413
2007-11-19 06:15:00,0.912,0.3706666666666667,0.8819405871066608,0.79226136,0.11973863792419437
2007-11-19 06:30:00,2.7514666666666665,0.912,1.5417879768639866,1.4437997,1.307666932551066
2007-11-19 06:45:00,2.569866666666667,2.7514666666666665,2.751084052829813,2.0135043,0.5563623999277754
2007-11-19 07:00:00,1.9046666666666667,2.569866666666667,2.3286559996264056,2.0430176,-0.1383509591420491
2007-11-19 07:15:00,2.3246666666666664,1.9046666666666667,1.6228740535635746,1.6317673,0.6928993937174477
2007-11-19 07:30:00,2.23,2.3246666666666664,2.205003260162914,1.9259138,0.3040861892700195
2007-11-19 07:45:00,1.7724000000000002,2.23,2.08243493005334,1.9489996,-0.17659964332580547
2007-11-19 08:00:00,1.3193333333333332,1.7724000000000002,1.6952547598828047,1.7624242,-0.4430908972422283
2007-11-19 08:15:00,1.328,1.3193333333333332,1.3885046754586454,1.4719807,-0.14398069095611565
2007-11-19 08:30:00,1.3109333333333335,1.328,1.4073956427756866,1.4995979,-0.1886645737330117
2007-11-19 08:45:00,1.2901333333333334,1.3109333333333335,1.382639393519293,1.4906567,-0.20052340017954506
2007-11-19 09:00:00,1.3089333333333333,1.2901333333333334,1.310110276613392,1.3211756,-0.012242241923014374
2007-11-19 09:15:00,1.3244,1.3089333333333333,1.254510147934709,1.2520825,0.07231753292083742
2007-11-19 09:30:00,1.4102666666666666,1.3244,1.3007094785320583,1.2994391,0.1108275940577188
2007-11-19 09:45:00,1.3077333333333334,1.4102666666666666,1.4131911858557575,1.4162598,-0.10852643229166659
2007-11-19 10:00:00,1.3345333333333331,1.3077333333333334,1.3208245256985796,1.3061849,0.028348445447285764
2007-11-19 10:15:00,1.3492,1.3345333333333331,1.385377047243002,1.3869398,-0.037739764022827194
2007-11-19 10:30:00,1.300266666666667,1.3492,1.4047345010419259,1.3908361,-0.09056945298512753
2007-11-19 10:45:00,1.3073333333333332,1.300266666666667,1.3357836521137043,1.3653203,-0.05798699156443288
2007-11-19 11:00:00,1.3742666666666663,1.3073333333333332,1.3457607168621626,1.3456796,0.028587025896707807
2007-11-19 11:15:00,1.372,1.3742666666666663,1.3528086966161452,1.3312993,0.040700695037841905
2007-11-19 11:30:00,1.3581333333333334,1.372,1.3796607922742101,1.364986,-0.006852609507242757
2007-11-19 11:45:00,1.3929333333333331,1.3581333333333334,1.3951901055999258,1.398164,-0.005230700556437373
2007-11-19 12:00:00,1.2949333333333333,1.3929333333333331,1.408035466642812,1.3782434,-0.08331011301676439
2007-11-19 12:15:00,1.3273333333333333,1.2949333333333333,1.3597791847775815,1.3152286,0.012104751904805422
2007-11-19 12:30:00,1.3728,1.3273333333333333,1.376417353310035,1.3503124,0.022487647819519063
2007-11-19 12:45:00,1.2874666666666668,1.3728,1.3743725725448226,1.3506752,-0.06320855859120678
2007-11-19 13:00:00,1.3816,1.2874666666666668,1.2881059083703579,1.2412148,0.14038524780273431
2007-11-19 13:15:00,1.4114666666666666,1.3816,1.3568125331652907,1.3399153,0.07155139109293618
2007-11-19 13:30:00,1.304266666666667,1.4114666666666666,1.42372688982927,1.4071455,-0.10287883351643856
2007-11-19 13:45:00,1.3428,1.304266666666667,1.333772934425737,1.3360887,0.006711342620849603
2007-11-19 14:00:00,0.2870666666666667,1.3428,1.4040470151702837,1.3848943,-1.0978275851567587
2007-11-19 14:15:00,0.2418666666666666,0.2870666666666667,0.3841776334781376,0.30160934,-0.05974267066319791
2007-11-19 14:30:00,0.3330666666666667,0.2418666666666666,0.35802538860040245,0.316778,0.016288662497202566
2007-11-19 14:45:00,0.29,0.3330666666666667,0.36270125618867005,0.31918857,-0.029188565015792867
2007-11-19 15:00:00,0.322,0.29,0.3527036877162894,0.2833742,0.03862580966949464
2007-11-19 15:15:00,0.3419999999999999,0.322,0.3475788831914762,0.32602414,0.01597585511207572
2007-11-19 15:30:00,0.2657333333333333,0.3419999999999999,0.44719277033230087,0.3458247,-0.08009135533968609
2007-11-19 15:45:00,0.2398666666666666,0.2657333333333333,0.3475718276324947,0.3102143,-0.07034764421780912
2007-11-19 16:00:00,0.3634666666666666,0.2398666666666666,0.3330723322030571,0.32071248,0.042754189697901346
2007-11-19 16:15:00,0.2446666666666666,0.3634666666666666,0.488408238056604,0.3913391,-0.14667242678006498
2007-11-19 16:30:00,0.24,0.2446666666666666,0.3454004853218924,0.32526484,-0.0852648413181305
2007-11-19 16:45:00,0.4456,0.24,0.3521164882106831,0.31136551,0.1342344850063324
2007-11-19 17:00:00,0.2290666666666666,0.4456,0.8541646984147973,0.69785875,-0.46879208415349327
2007-11-19 17:15:00,1.1932,0.2290666666666666,0.3411194298159804,0.37895152,0.8142484802722931
2007-11-19 17:30:00,1.7433333333333332,1.1932,1.3521952970158528,1.3836147,0.359718674023946
2007-11-19 17:45:00,1.6010666666666669,1.7433333333333332,1.8718087734637043,1.834084,-0.2330173672993976
2007-11-19 18:00:00,1.662,1.6010666666666669,1.6577919617599262,1.8050376,-0.14303761768341072
2007-11-19 18:15:00,2.296,1.662,1.8130041418059195,1.8631784,0.43282162761688214
2007-11-19 18:30:00,2.5928,2.296,2.269619985745042,2.2283204,0.3644796398162842
2007-11-19 18:45:00,3.9290666666666665,2.5928,2.5015018135643956,2.5489683,1.3800983515421548
2007-11-19 19:00:00,3.575333333333333,3.9290666666666665,3.128311484177017,3.263753,0.3115803960164385
2007-11-19 19:15:00,3.0121333333333333,3.575333333333333,3.0516861093996046,2.9595432,0.05259010518391927
2007-11-19 19:30:00,3.0312,3.0121333333333333,2.8411892961752403,2.6622887,0.36891133422851574
2007-11-19 19:45:00,3.7308,3.0312,2.90121825198665,2.7848861,0.945913878250122
2007-11-19 20:00:00,5.101733333333333,3.7308,3.6049208570516074,3.4837852,1.61794818089803
2007-11-19 20:15:00,3.1733333333333333,5.101733333333333,4.136212144325154,4.291024,-1.1176908747355143
2007-11-19 20:30:00,3.2574666666666667,3.1733333333333333,2.9725237813681633,3.012537,0.24492966410319017
2007-11-19 20:45:00,5.1550666666666665,3.2574666666666667,3.1666477178013315,3.1955137,1.9595529413859047
2007-11-19 21:00:00,2.1813333333333333,5.1550666666666665,4.1225545645239166,3.8152134,-1.6338801085154215
2007-11-19 21:15:00,1.8828,2.1813333333333333,2.3401821261002835,1.7234975,0.15930249004364017
2007-11-19 21:30:00,1.7266666666666666,1.8828,1.723060940137712,1.712046,0.014620639483133857
2007-11-19 21:45:00,1.5241333333333336,1.7266666666666666,1.6835915568967723,1.800658,-0.27652465426127093
2007-11-19 22:00:00,1.5235999999999998,1.5241333333333336,1.9034645717281726,1.9196609,-0.3960609258651735
2007-11-19 22:15:00,1.2794666666666668,1.5235999999999998,1.5310651332329699,1.4895151,-0.21004839948018383
2007-11-19 22:30:00,0.4797333333333333,1.2794666666666668,1.293036254526478,1.1969649,-0.71723152662913
2007-11-19 22:45:00,0.3050666666666667,0.4797333333333333,0.562788074350103,0.45025545,-0.14518878691991166
2007-11-19 23:00:00,0.2274666666666666,0.3050666666666667,0.3940724087174317,0.41279033,-0.18532366159756986
2007-11-19 23:15:00,0.3381333333333333,0.2274666666666666,0.35606177276094764,0.36236113,-0.02422779976526901
2007-11-19 23:30:00,0.2777333333333333,0.3381333333333333,0.36892286930329765,0.31672597,-0.03899263598124192
2007-11-19 23:45:00,0.254,0.2777333333333333,0.35570406114751324,0.35470372,-0.10070372438430786
2007-11-20 00:00:00,0.6930666666666667,0.254,0.3036456296914598,0.29440334,0.39866332227389023
2007-11-20 00:15:00,1.3392000000000002,0.6930666666666667,1.1584725220005314,1.0847582,0.25444183750152605
2007-11-20 00:30:00,1.1838666666666666,1.3392000000000002,1.3610082262613339,1.1733963,0.010470317713419552
2007-11-20 00:45:00,0.3357333333333334,1.1838666666666666,0.4935900702544802,0.5611104,-0.22537704397837316
2007-11-20 01:00:00,0.2508,0.3357333333333334,0.306980772610546,0.20602114,0.044778855013847374
2007-11-20 01:15:00,0.2339999999999999,0.2508,0.2927545977789235,0.28921592,-0.05521592235565195
2007-11-20 01:30:00,0.3517333333333333,0.2339999999999999,0.287869622622378,0.24408396,0.10764937744935349
2007-11-20 01:45:00,0.3113333333333333,0.3517333333333333,0.29709679387196897,0.27411956,0.0372137773831685
2007-11-20 02:00:00,0.2434666666666666,0.3113333333333333,0.3041424110636861,0.3015721,-0.05810544756253566
2007-11-20 02:15:00,0.3373333333333334,0.2434666666666666,0.3035442256598236,0.28687716,0.050456178029378296
2007-11-20 02:30:00,0.2412,0.3373333333333334,0.30508362888142593,0.29283306,-0.051633060026168826
2007-11-20 02:45:00,0.2482666666666667,0.2412,0.3009370072678173,0.28718367,-0.03891700552304583
2007-11-20 03:00:00,0.3305333333333333,0.2482666666666667,0.3030056071020044,0.28166124,0.04887209108670548
2007-11-20 03:15:00,0.2370666666666666,0.3305333333333333,0.3037277677310555,0.289082,-0.05201532405217496
2007-11-20 03:30:00,0.3441333333333333,0.2370666666666666,0.30027554279623697,0.2830597,0.06107364691098527
2007-11-20 03:45:00,0.3221333333333333,0.3441333333333333,0.30094493897942,0.29502845,0.02710488522847493
2007-11-20 04:00:00,0.2365333333333333,0.3221333333333333,0.3073559909213168,0.29813585,-0.061602513519922936
2007-11-20 04:15:00,0.2685333333333333,0.2365333333333333,0.3023623992155192,0.28775707,-0.01922373553911849
2007-11-20 04:30:00,0.3129333333333333,0.2685333333333333,0.30300422608443955,0.28289396,0.030039377625783237
2007-11-20 04:45:00,0.2348,0.3129333333333333,0.3035630146346587,0.29394677,-0.05914677281379699
2007-11-20 05:00:00,0.2754666666666666,0.2348,0.3041359265466506,0.28920758,-0.013740911038716719
2007-11-20 05:15:00,0.3708,0.2754666666666666,0.30548793516919376,0.28897884,0.08182115511894228
2007-11-20 05:30:00,0.2488,0.3708,0.3870729071403515,0.37070084,-0.12190083618164063
2007-11-20 05:45:00,0.2908,0.2488,0.3067417462611909,0.29539496,-0.0045949570655822725
2007-11-20 06:00:00,0.2988,0.2908,0.4727158334099987,0.57734966,-0.2785496627807617
2007-11-20 06:15:00,0.2524,0.2988,0.47725518718911714,0.5942446,-0.3418445993423462
2007-11-20 06:30:00,3.685466666666666,0.2524,0.6034216949711021,0.7455425,2.9399241404215486
2007-11-20 06:45:00,2.7002666666666664,3.685466666666666,3.000568565022293,2.575849,0.12441761042276989
2007-11-20 07:00:00,2.6890666666666667,2.7002666666666664,2.8596837276484006,2.1844916,0.5045750322977702
2007-11-20 07:15:00,2.779333333333333,2.6890666666666667,2.649008427440916,2.2669837,0.5123495858510334
2007-11-20 07:30:00,2.384,2.779333333333333,2.753388956956343,2.353978,0.030022081375121967
2007-11-20 07:45:00,1.9441333333333333,2.384,2.471394229640833,2.166598,-0.22246474825541185
2007-11-20 08:00:00,2.1974666666666662,1.9441333333333333,1.814806735549113,1.8021865,0.3952801775614416
2007-11-20 08:15:00,2.726933333333333,2.1974666666666662,2.2596388171043813,1.9625751,0.7643582553227741
2007-11-20 08:30:00,2.0409333333333333,2.726933333333333,2.488611166672757,2.2040675,-0.1631341353098552
2007-11-20 08:45:00,1.454,2.0409333333333333,1.8558374254415313,1.9021169,-0.4481168947219849
2007-11-20 09:00:00,1.4089333333333334,1.454,1.539172842298882,1.5384378,-0.12950450998942054
2007-11-20 09:15:00,1.2993333333333337,1.4089333333333334,1.5729841094409815,1.6245811,-0.3252477652231849
2007-11-20 09:30:00,1.3568,1.2993333333333337,1.3691031910431093,1.3742502,-0.01745017356872558
2007-11-20 09:45:00,1.3413333333333337,1.3568,1.3900161221905325,1.4355426,-0.09420925013224246
2007-11-20 10:00:00,1.2872,1.3413333333333337,1.3757368561038168,1.3422836,-0.05508360652923594
2007-11-20 10:15:00,2.2704,1.2872,1.286208196946326,1.2569473,1.0134527210235595
2007-11-20 10:30:00,3.3036000000000003,2.2704,2.0652456728333566,1.6600837,1.6435163484573367
2007-11-20 10:45:00,1.7116,3.3036000000000003,2.7826000069393713,2.4435358,-0.7319358047485351
2007-11-20 11:00:00,4.702933333333333,1.7116,1.5506971882268328,1.5698055,3.1331278304417927
2007-11-20 11:15:00,5.049333333333333,4.702933333333333,3.8586617726957413,3.6130605,1.4362728589375813
2007-11-20 11:30:00,1.9706666666666663,5.049333333333333,4.137035499436603,3.9755445,-2.00487778600057
2007-11-20 11:45:00,1.4973333333333334,1.9706666666666663,1.6706289310564082,1.4933695,0.003963873227437409
2007-11-20 12:00:00,1.5252,1.4973333333333334,1.6696838747970906,1.574282,-0.049082050132751576
2007-11-20 12:15:00,1.3208,1.5252,1.664632271071436,1.7749598,-0.4541598026275635
2007-11-20 12:30:00,1.4749333333333332,1.3208,1.4085548338440248,1.5187979,-0.043864541117350386
2007-11-20 12:45:00,1.4265333333333332,1.4749333333333332,1.7032515279409113,1.5846087,-0.15807534071604423
2007-11-20 13:00:00,1.3329333333333333,1.4265333333333332,1.439454329323985,1.3912851,-0.05835172850290937
2007-11-20 13:15:00,1.436,1.3329333333333333,1.3646851488769252,1.3406179,0.09538210487365717
2007-11-20 13:30:00,1.4626666666666668,1.436,1.4863028087037895,1.4002936,0.06237307802836112
2007-11-20 13:45:00,1.4025333333333334,1.4626666666666668,1.4851230257683838,1.4462407,-0.04370733019510897
2007-11-20 14:00:00,1.482,1.4025333333333334,1.3804912715682915,1.3694372,0.11256278228759764
2007-11-20 14:15:00,1.4508,1.482,1.4973899682383887,1.5204813,-0.06968134803771964
2007-11-20 14:30:00,1.5266666666666666,1.4508,1.4737286883214458,1.456185,0.07048168341318761
2007-11-20 14:45:00,3.4834666666666667,1.5266666666666666,1.4965591913349479,1.495444,1.9880226072947185
2007-11-20 15:00:00,2.276533333333333,3.4834666666666667,2.7586004838554667,2.487534,-0.21100071283976263
2007-11-20 15:15:00,1.941733333333333,2.276533333333333,1.9271428315627912,1.762772,0.17896136926015194
2007-11-20 15:30:00,1.1108,1.941733333333333,1.8168103714435355,1.6394185,-0.5286184827804565
2007-11-20 15:45:00,0.3422666666666666,1.1108,1.0426383628677351,0.920812,-0.5785453440984091
2007-11-20 16:00:00,0.306,0.3422666666666666,0.42737536020336436,0.34417635,-0.038176352024078375
2007-11-20 16:15:00,0.3698666666666667,0.306,0.40223291800623684,0.39330056,-0.023433896430333445
2007-11-20 16:30:00,0.4002666666666666,0.3698666666666667,0.4678233552319508,0.4602488,-0.059982131465276145
2007-11-20 16:45:00,0.4226666666666666,0.4002666666666666,0.5373167179931698,0.43774837,-0.015081705888112473
2007-11-20 17:00:00,0.6229333333333333,0.4226666666666666,0.5407401799698447,0.50825197,0.11468136828740438
2007-11-20 17:15:00,1.2905333333333333,0.6229333333333333,1.0399653598689853,0.9207323,0.3698010139783223
2007-11-20 17:30:00,1.3365333333333334,1.2905333333333333,1.3577446907598085,1.3435817,-0.007048343149820946
2007-11-20 17:45:00,1.3774666666666666,1.3365333333333334,1.401131034591368,1.4135405,-0.03607381585439051
2007-11-20 18:00:00,1.3878666666666666,1.3774666666666666,1.360255194638575,1.483737,-0.09587032521565764
2007-11-20 18:15:00,1.205733333333333,1.3878666666666666,1.4175083273557616,1.5682774,-0.36254402567545596
2007-11-20 18:30:00,1.2944,1.205733333333333,1.3344952689818077,1.2724558,0.02194418849945068
2007-11-20 18:45:00,1.7410666666666663,1.2944,1.3564676889731238,1.4414861,0.2995805464426673
2007-11-20 19:00:00,1.6436,1.7410666666666663,1.9643951960079107,2.2295923,-0.5859923233032227
2007-11-20 19:15:00,1.0074666666666667,1.6436,1.892607403787921,1.88853,-0.8810633492787678
2007-11-20 19:30:00,1.7182666666666668,1.0074666666666667,1.0336974474118275,1.0494238,0.6688428528467816
2007-11-20 19:45:00,3.1014666666666666,1.7182666666666668,1.8218489112956362,1.9110096,1.190457116572062
2007-11-20 20:00:00,3.8798666666666666,3.1014666666666666,2.7998398417653347,2.832667,1.0471995543162027
2007-11-20 20:15:00,2.7568,3.8798666666666666,3.2079842233925837,3.285282,-0.5284818965911864
2007-11-20 20:30:00,3.0846666666666667,2.7568,2.559072222463053,2.5713458,0.5133208605448405
2007-11-20 20:45:00,2.9252,3.0846666666666667,2.860063957323862,2.8424954,0.08270455856323222
2007-11-20 21:00:00,2.0372,2.9252,3.0679191494043807,2.8188868,-0.7816867568969728
2007-11-20 21:15:00,2.3825333333333334,2.0372,1.9554376300178398,1.7878088,0.594724557431539
2007-11-20 21:30:00,2.0801333333333334,2.3825333333333334,2.444466417941661,2.3857589,-0.3056255434672037
2007-11-20 21:45:00,1.7277333333333331,2.0801333333333334,2.0619831545112413,1.966141,-0.23840765215555848
2007-11-20 22:00:00,2.127733333333333,1.7277333333333331,1.4843788352545713,1.3980771,0.729656203015645
2007-11-20 22:15:00,3.428533333333333,2.127733333333333,2.2371945530112485,1.889975,1.5385583815892536
2007-11-20 22:30:00,1.6021333333333334,3.428533333333333,2.6323008329152184,2.5102906,-0.9081572893778482
2007-11-20 22:45:00,2.0681333333333334,1.6021333333333334,1.4588859551635662,1.3007357,0.7673976212819418
2007-11-20 23:00:00,2.9212,2.0681333333333334,2.0343210755278163,1.6347133,1.2864867078781126
2007-11-20 23:15:00,0.2658666666666666,2.9212,2.684739012454356,2.3952718,-2.1294051114400228
2007-11-20 23:30:00,0.3651999999999999,0.2658666666666666,0.41851271570409226,0.26352963,0.10167037148475638
2007-11-20 23:45:00,0.2956,0.3651999999999999,0.4563473303245683,0.43371892,-0.13811891975402835
2007-11-21 00:00:00,0.2586666666666666,0.2956,0.3366555165852765,0.32995567,-0.07128900059064236
2007-11-21 00:15:00,0.3625333333333333,0.2586666666666666,0.3275288063925022,0.4374438,-0.07491045948664349
2007-11-21 00:30:00,0.3636,0.3625333333333333,0.3095058873997175,0.32595968,0.03764031753540037
2007-11-21 00:45:00,0.3498666666666666,0.3636,0.3055372836201007,0.31541815,0.03444851266543064
2007-11-21 01:00:00,0.3608,0.3498666666666666,0.30662585107282225,0.3153323,0.045467706489563
2007-11-21 01:15:00,0.2798666666666667,0.3608,0.3175291770438308,0.33097577,-0.051109104283650675
2007-11-21 01:30:00,0.2581333333333333,0.2798666666666667,0.30627508980442214,0.30115175,-0.0430184191385905
2007-11-21 01:45:00,0.3802666666666666,0.2581333333333333,0.3008571958316023,0.30238003,0.07788664127985628
2007-11-21 02:00:00,0.3065333333333333,0.3802666666666666,0.3214603781582515,0.36260468,-0.05607134434382122
2007-11-21 02:15:00,0.3354666666666667,0.3065333333333333,0.30491922865405163,0.2981952,0.037271453587214176
2007-11-21 02:30:00,0.3638666666666666,0.3354666666666667,0.3069000310399879,0.30634642,0.057520250193277944
2007-11-21 02:45:00,0.2749333333333333,0.3638666666666666,0.3133976094995264,0.32501832,-0.05008498317400617
2007-11-21 03:00:00,0.2628,0.2749333333333333,0.30627508980442214,0.29912123,-0.036321230840683005
2007-11-21 03:15:00,0.3684,0.2628,0.3034644142236086,0.2967262,0.07167380299568177
2007-11-21 03:30:00,0.2689333333333333,0.3684,0.30394810393368027,0.3166882,-0.04775487643877668
2007-11-21 03:45:00,0.3193333333333333,0.2689333333333333,0.3018925521419586,0.30134663,0.017986703475316335
2007-11-21 04:00:00,0.4061333333333333,0.3193333333333333,0.30450881357926113,0.29865953,0.10747380007108048
2007-11-21 04:15:00,0.2619999999999999,0.4061333333333333,0.30814683030389967,0.35229594,-0.09029593515396128
2007-11-21 04:30:00,0.2593333333333333,0.2619999999999999,0.3023485120232875,0.30155963,-0.04222629372278852
2007-11-21 04:45:00,0.3597333333333333,0.2593333333333333,0.3034644142236086,0.29744825,0.062285085662205975
2007-11-21 05:00:00,0.2392,0.3597333333333333,0.36259022092164456,0.3398589,-0.10065888957977295
2007-11-21 05:15:00,0.2424,0.2392,0.30312902837535216,0.29906827,-0.056668272113800044
2007-11-21 05:30:00,0.4362666666666666,0.2424,0.3052093115060261,0.2933324,0.14293426872889192
2007-11-21 05:45:00,0.2441333333333333,0.4362666666666666,0.5779755080642996,0.479908,-0.2357746561686198
2007-11-21 06:00:00,0.242,0.2441333333333333,0.5370829736934859,0.5806787,-0.33867870140075684
2007-11-21 06:15:00,0.4030666666666667,0.242,0.46825922551706045,0.5501255,-0.14705881303151447
2007-11-21 06:30:00,2.680266666666667,0.4030666666666667,0.781955340514854,0.80282784,1.877438831583659
2007-11-21 06:45:00,1.6154666666666666,2.680266666666667,2.890053246469617,1.8220432,-0.20657651379903164
2007-11-21 07:00:00,1.348666666666667,1.6154666666666666,1.7000682124397477,1.6428303,-0.294163585980733
2007-11-21 07:15:00,1.9314666666666669,1.348666666666667,1.461232997236892,1.4508564,0.48061021944681825
2007-11-21 07:30:00,2.191866666666667,1.9314666666666669,1.9738384539164355,1.9948268,0.19703987299601256
2007-11-21 07:45:00,2.0554666666666668,2.191866666666667,2.293058390518129,2.028608,0.02685858294169119
2007-11-21 08:00:00,1.9610666666666667,2.0554666666666668,2.087608090840249,1.8420482,0.11901849848429369
2007-11-21 08:15:00,1.9790666666666668,1.9610666666666667,1.927163416641986,1.8054038,0.1736628380457561
2007-11-21 08:30:00,2.035333333333333,1.9790666666666668,2.056408915475525,1.9525689,0.08276444466908739
2007-11-21 08:45:00,1.9690666666666663,2.035333333333333,2.201446093289932,1.9701942,-0.0011275538762414161
2007-11-21 09:00:00,2.034933333333333,1.9690666666666663,1.943264990555938,1.922493,0.11244035237630179
2007-11-21 09:15:00,2.1304,2.034933333333333,2.141744661916596,1.94626,0.18414002456665024
2007-11-21 09:30:00,2.1121333333333334,2.1304,2.128522971949719,1.9319332,0.1802001687367758
2007-11-21 09:45:00,2.1820000000000004,2.1121333333333334,2.1067133003537473,1.9743447,0.20765526962280312
2007-11-21 10:00:00,2.252533333333333,2.1820000000000004,2.167912913550115,2.0019557,0.25057758572896294
2007-11-21 10:15:00,2.025333333333333,2.252533333333333,2.1610488713850713,1.9061366,0.119196701367696
2007-11-21 10:30:00,0.9292,2.025333333333333,2.048109798697587,1.9203997,-0.9911996658325195
2007-11-21 10:45:00,0.7461333333333333,0.9292,0.9776438062960271,1.0029142,-0.2567808569590251
2007-11-21 11:00:00,0.4253333333333333,0.7461333333333333,0.9704018068612413,0.91096336,-0.4856300231615703
2007-11-21 11:15:00,0.4414666666666667,0.4253333333333333,0.5059558671507979,0.48172402,-0.04025735715230305
2007-11-21 11:30:00,0.5650666666666666,0.4414666666666667,0.6176871520332613,0.5762667,-0.01120003932317104
2007-11-21 11:45:00,0.7250666666666666,0.5650666666666666,0.7692618240958627,0.75900644,-0.03393977397282921
2007-11-21 12:00:00,1.3121333333333332,0.7250666666666666,0.891228531458022,0.81930614,0.49282719815572085
2007-11-21 12:15:00,1.4936,1.3121333333333332,1.4342062974265213,1.3679144,0.12568556175231937
2007-11-21 12:30:00,1.2770666666666666,1.4936,1.5895227169359367,1.5656347,-0.28856806081136077
2007-11-21 12:45:00,0.8428,1.2770666666666666,1.2813155408340273,1.2616035,-0.4188034746170044
2007-11-21 13:00:00,0.4032,0.8428,0.7035827860977273,0.6353361,-0.23213610105514526
2007-11-21 13:15:00,0.3554666666666666,0.4032,0.4976876455072493,0.4200579,-0.06459122613271084
2007-11-21 13:30:00,0.2648,0.3554666666666666,0.4357700547993476,0.4283705,-0.16357050557136538
2007-11-21 13:45:00,0.3966666666666666,0.2648,0.3720936988058729,0.3309993,0.06566735188166295
2007-11-21 14:00:00,0.2654666666666666,0.3966666666666666,0.5831530883075127,0.45548752,-0.1900208528359732
2007-11-21 14:15:00,0.2746666666666666,0.2654666666666666,0.37717975000626014,0.35303214,-0.0783654752572378
2007-11-21 14:30:00,0.3812,0.2746666666666666,0.34145868881687236,0.3391835,0.042016490650176985
2007-11-21 14:45:00,0.2736,0.3812,0.5430173174827065,0.4446556,-0.1710555972099304
2007-11-21 15:00:00,0.3398666666666666,0.2736,0.35081795535232885,0.3470383,-0.007171632178624543
2007-11-21 15:15:00,0.384,0.3398666666666666,0.37648852034030916,0.36479378,0.019206222534179695
2007-11-21 15:30:00,0.3713333333333333,0.384,0.538729450849645,0.4878107,-0.11647736779848739
2007-11-21 15:45:00,0.5029333333333333,0.3713333333333333,0.5076211307274214,0.47596985,0.026963482316335052
2007-11-21 16:00:00,0.4882666666666667,0.5029333333333333,0.5884467236539596,0.6165479,-0.1282812158902486
2007-11-21 16:15:00,1.1630666666666667,0.4882666666666667,0.585038032252475,0.56574744,0.5973192268053691
2007-11-21 16:30:00,1.4837333333333331,1.1630666666666667,1.414153324656377,1.292959,0.1907743584950763
2007-11-21 16:45:00,1.5902666666666667,1.4837333333333331,1.640851021567331,1.618317,-0.028050341351826935
2007-11-21 17:00:00,1.5893333333333333,1.5902666666666667,1.6919051420358004,1.6605285,-0.07119520727793383
2007-11-21 17:15:00,1.0808,1.5893333333333333,1.8393038001975182,1.7451974,-0.6643974153518677
2007-11-21 17:30:00,1.0137333333333334,1.0808,1.1498410933167518,1.0204268,-0.006693416849772094
2007-11-21 17:45:00,0.9582666666666668,1.0137333333333334,1.4228258449546554,1.2006315,-0.2423648326237995
2007-11-21 18:00:00,2.396266666666667,0.9582666666666668,1.3686105900227097,1.2073017,1.1889649307886763
2007-11-21 18:15:00,2.4764,2.396266666666667,2.5944737248707694,2.3870041,0.08939586296081536
2007-11-21 18:30:00,1.6178666666666668,2.4764,2.4406161737271295,2.408207,-0.7903402730305988
2007-11-21 18:45:00,3.0146666666666664,1.6178666666666668,1.5776512872225015,1.6114432,1.4032235047022499
2007-11-21 19:00:00,1.8848,3.0146666666666664,2.6414804622312658,2.6304293,-0.7456292678833008
2007-11-21 19:15:00,1.5832000000000002,1.8848,1.7920020263864254,1.817825,-0.23462495975494368
2007-11-21 19:30:00,1.5669333333333335,1.5832000000000002,1.6405352504673374,1.7404021,-0.17346876913706444
2007-11-21 19:45:00,1.3862666666666668,1.5669333333333335,1.6233437778029296,1.8645514,-0.4782847583134968
2007-11-21 20:00:00,2.8637333333333337,1.3862666666666668,1.5128013487577265,1.6632761,1.2004572570165002
2007-11-21 20:15:00,3.3833333333333333,2.8637333333333337,2.7244522685114636,2.963337,0.4199963887532552
2007-11-21 20:30:00,4.6888000000000005,3.3833333333333333,3.0293117880549763,2.9979239,1.690876148986817
2007-11-21 20:45:00,3.1195714285714287,4.6888000000000005,3.895988378033691,3.7597136,-0.6401422211783272
2007-11-21 21:00:00,2.6633333333333336,3.1195714285714287,2.839461113202699,2.6602018,0.003131545384725154
2007-11-21 21:15:00,3.0129333333333337,2.6633333333333336,2.4648576068000123,2.3737648,0.6391685799916589
2007-11-21 21:30:00,2.8025333333333333,3.0129333333333337,2.904621904809921,2.7115097,0.09102362874348957
2007-11-21 21:45:00,3.5161333333333338,2.8025333333333333,3.0526500989004886,2.891759,0.6243744145711267
2007-11-21 22:00:00,3.1844,3.5161333333333338,2.960781010862839,2.4223607,0.7620393413543702
2007-11-21 22:15:00,2.143733333333333,3.1844,2.875556196975866,2.5887842,-0.4450508845011396
2007-11-21 22:30:00,1.8882666666666663,2.143733333333333,2.083940487970305,1.8330033,0.055263384119669245
2007-11-21 22:45:00,1.6061333333333332,1.8882666666666663,1.725736058078847,1.5254837,0.08064960587819403
2007-11-21 23:00:00,1.6298666666666668,1.6061333333333332,1.613819611063579,1.4632097,0.16665691839853936
2007-11-21 23:15:00,0.9304,1.6298666666666668,1.742000756970122,1.6833066,-0.7529065748214722
2007-11-21 23:30:00,0.29,0.9304,0.9324365003186724,0.79915434,-0.5091543412208557
2007-11-21 23:45:00,0.4108,0.29,0.4121389187300132,0.36593676,0.044863243865966795
2007-11-22 00:00:00,0.2426666666666666,0.4108,0.34966447910877635,0.35390487,-0.1112382064660391
2007-11-22 00:15:00,0.2678666666666666,0.2426666666666666,0.2946390680799187,0.31970084,-0.051834170468648355
2007-11-22 00:30:00,0.3346666666666667,0.2678666666666666,0.29235380881194223,0.296323,0.038343665281931616
2007-11-22 00:45:00,0.2205333333333333,0.3346666666666667,0.3058646747296316,0.3031436,-0.08261025735537214
2007-11-22 01:00:00,0.2644,0.2205333333333333,0.3115671502685474,0.29301643,-0.02861643371582029
2007-11-22 01:15:00,0.3390666666666667,0.2644,0.302227408494074,0.29573163,0.043335032765070614
2007-11-22 01:30:00,0.2981333333333333,0.3390666666666667,0.30496477346059003,0.30100837,-0.00287504016558332
2007-11-22 01:45:00,0.2644,0.2981333333333333,0.3060366854014565,0.29800576,-0.03360575971603391
2007-11-22 02:00:00,0.3429333333333333,0.2644,0.3044997705339649,0.30055508,0.04237825315793353
2007-11-22 02:15:00,0.2250666666666666,0.3429333333333333,0.30331377543092486,0.30100837,-0.07594170683225002
2007-11-22 02:30:00,0.2554666666666667,0.2250666666666666,0.300139588821313,0.29110393,-0.035637262614568066
2007-11-22 02:45:00,0.3501333333333333,0.2554666666666667,0.302227408494074,0.29680324,0.05333009732564287
2007-11-22 03:00:00,0.2544,0.3501333333333333,0.3006240812703833,0.29943585,-0.04503585395812987
2007-11-22 03:15:00,0.2998666666666666,0.2544,0.31242101638002767,0.29670575,0.0031609140555063364
2007-11-22 03:30:00,0.3549333333333333,0.2998666666666666,0.3032718078497265,0.292071,0.06286231869061787
2007-11-22 03:45:00,0.2237333333333333,0.3549333333333333,0.3018837564651495,0.29837748,-0.07464415074984235
2007-11-22 04:00:00,0.2346666666666666,0.2237333333333333,0.300139588821313,0.28819254,-0.05352587374051418
2007-11-22 04:15:00,0.3664,0.2346666666666666,0.30252715231191596,0.28521153,0.08118846669197083
2007-11-22 04:30:00,0.222,0.3664,0.31667564417476896,0.3153966,-0.09339660692214966
2007-11-22 04:45:00,0.2778666666666666,0.222,0.3073553263944507,0.28569338,-0.007826710589726837
2007-11-22 05:00:00,0.4004,0.2778666666666666,0.3047111175788282,0.30014864,0.10025136389732359
2007-11-22 05:15:00,0.2230666666666666,0.4004,0.35879183520856633,0.37053967,-0.14747299855550136
2007-11-22 05:30:00,0.2310666666666666,0.2230666666666666,0.3007696580511034,0.28982574,-0.05875907080968229
2007-11-22 05:45:00,0.3725333333333333,0.2310666666666666,0.305429243887653,0.29179707,0.08073626163800557
2007-11-22 06:00:00,0.2306666666666666,0.3725333333333333,0.8479512667226163,0.800289,-0.5696223085721335
2007-11-22 06:15:00,0.2296,0.2306666666666666,0.5289256515275252,0.5356984,-0.3060984138488769
2007-11-22 06:30:00,2.3070666666666666,0.2296,0.45275398460794447,0.5063839,1.8006827707926432
2007-11-22 06:45:00,3.1630666666666665,2.3070666666666666,2.1387391980129866,1.6374472,1.5256194286982216
2007-11-22 07:00:00,2.1505333333333336,3.1630666666666665,2.4502387649434327,2.2072992,-0.056765899149576526
2007-11-22 07:15:00,2.207333333333333,2.1505333333333336,1.9442227028757422,1.9120675,0.29526580079396547
2007-11-22 07:30:00,1.9542666666666664,2.207333333333333,2.127088091086264,1.9999841,-0.04571747849782337
2007-11-22 07:45:00,1.5434666666666668,1.9542666666666664,1.9260614173480561,1.9024929,-0.35902621415456126
2007-11-22 08:00:00,1.7629333333333332,1.5434666666666668,1.6785718673703076,1.5777636,0.1851697758992512
2007-11-22 08:15:00,1.2473333333333334,1.7629333333333332,1.883239691582102,1.9025664,-0.6552330996195475
2007-11-22 08:30:00,0.6042666666666666,1.2473333333333334,1.3186096247594714,1.396849,-0.7925823695500692
2007-11-22 08:45:00,0.6144000000000001,0.6042666666666666,0.7113431483483255,0.6375557,-0.023155718421935978
2007-11-22 09:00:00,0.3641333333333333,0.6144000000000001,0.8729717021591437,0.84034723,-0.4762138971010844
2007-11-22 09:15:00,0.314,0.3641333333333333,0.49568955951845145,0.4920842,-0.17808420515060425
2007-11-22 09:30:00,1.0972,0.314,0.3949736195887779,0.3584723,0.7387277123451232
2007-11-22 09:45:00,1.4284,1.0972,1.3627146831349415,1.3893042,0.03909583892822255
2007-11-22 10:00:00,1.3676,1.4284,1.5992675021771268,1.4519926,-0.0843926309585572
2007-11-22 10:15:00,1.3769333333333331,1.3676,1.4200005843631616,1.3584445,0.01848888104756652
2007-11-22 10:30:00,1.3258666666666667,1.3769333333333331,1.3824476172450793,1.3969758,-0.07110908902486157
2007-11-22 10:45:00,1.2854666666666668,1.3258666666666667,1.3943385286970034,1.3849394,-0.09947276547749828
2007-11-22 11:00:00,1.3721333333333334,1.2854666666666668,1.2811714673106085,1.2905313,0.08160205567677825
2007-11-22 11:15:00,1.3138666666666667,1.3721333333333334,1.3329357116054592,1.3349403,-0.021073647626240977
2007-11-22 11:30:00,1.3218666666666663,1.3138666666666667,1.2853826792818897,1.3022819,0.019584810129801067
2007-11-22 11:45:00,1.4326666666666663,1.3218666666666663,1.3300345016139465,1.311619,0.12104762331644658
2007-11-22 12:00:00,1.3032,1.4326666666666663,1.5215230788377974,1.4232737,-0.1200736825942994
2007-11-22 12:15:00,1.3029333333333333,1.3032,1.3117072954079834,1.3226528,-0.01971948343912766
2007-11-22 12:30:00,1.3648,1.3029333333333333,1.3189291708117614,1.2894425,0.07535746078491212
2007-11-22 12:45:00,1.4321333333333333,1.3648,1.3765771170195984,1.3398656,0.09226776803334547
2007-11-22 13:00:00,1.422,1.4321333333333333,1.47022230901388,1.444091,-0.022090962409973214
2007-11-22 13:15:00,1.4353333333333331,1.422,1.4124891813252285,1.4032902,0.032043180783589476
2007-11-22 13:30:00,1.3734666666666666,1.4353333333333331,1.4433329603396106,1.3998023,-0.02633566048940028
2007-11-22 13:45:00,1.4909333333333334,1.3734666666666666,1.3754537253260692,1.3478215,0.14311185925801606
2007-11-22 14:00:00,1.7808,1.4909333333333334,1.52018484513799,1.5747094,0.20609058456420892
2007-11-22 14:15:00,0.8738666666666666,1.7808,2.1062865601917347,2.0331726,-1.1593059407552084
2007-11-22 14:30:00,0.4837333333333333,0.8738666666666666,0.8149695438648957,0.711614,-0.2278806793848674
2007-11-22 14:45:00,0.5450666666666667,0.4837333333333333,0.5533172523038585,0.5081977,0.03686894184748335
2007-11-22 15:00:00,0.5469333333333334,0.5450666666666667,0.6425271869082454,0.70291245,-0.15597911650339757
2007-11-22 15:15:00,0.5728000000000001,0.5469333333333334,0.6952740305095617,0.76155204,-0.18875203580856315
2007-11-22 15:30:00,0.5894666666666667,0.5728000000000001,0.7385868348198886,0.71943307,-0.12996640256245928
2007-11-22 15:45:00,0.5054666666666666,0.5894666666666667,0.8655389229344155,0.7430954,-0.23762873128255213
2007-11-22 16:00:00,0.542,0.5054666666666666,0.567101026026656,0.61172867,-0.06972866821289059
2007-11-22 16:15:00,0.6269333333333333,0.542,0.643436452185509,0.68691903,-0.059985700194040925
2007-11-22 16:30:00,0.6118666666666666,0.6269333333333333,0.8419193699065042,0.80003864,-0.18817196906407685
2007-11-22 16:45:00,0.7024,0.6118666666666666,0.7689250021214683,0.7596247,-0.05722471961975095
2007-11-22 17:00:00,0.6734666666666667,0.7024,0.8629314692506044,0.8742641,-0.20079745438893637
2007-11-22 17:15:00,0.8877333333333334,0.6734666666666667,0.8582859147601662,0.8647876,0.022945754750569702
2007-11-22 17:30:00,1.2737333333333334,0.8877333333333334,1.02148358691249,1.2284211,0.045312241299947154
2007-11-22 17:45:00,1.7725333333333333,1.2737333333333334,1.4822429385675229,1.2974145,0.47511879208882646
2007-11-22 18:00:00,2.267333333333333,1.7725333333333333,1.9554576323605861,2.0331192,0.23421413167317695
2007-11-22 18:15:00,2.2672000000000003,2.267333333333333,2.15491217045248,2.1891506,0.07804942817688021
2007-11-22 18:30:00,2.5165333333333333,2.2672000000000003,2.139089483128993,2.141175,0.375358301671346
2007-11-22 18:45:00,3.9278666666666666,2.5165333333333333,2.46773768109488,2.4100575,1.5178091219584147
2007-11-22 19:00:00,2.9997333333333334,3.9278666666666666,3.093369840201348,3.0574286,-0.0576952650705973
2007-11-22 19:15:00,5.843733333333334,2.9997333333333334,2.788030112559235,2.7371109,3.1066224801381432
2007-11-22 19:30:00,5.560933333333334,5.843733333333334,4.864289996651626,5.576639,-0.015705842081705335
2007-11-22 19:45:00,5.261733333333334,5.560933333333334,4.468722345492736,4.9450502,0.31668309377034554
2007-11-22 20:00:00,3.1810666666666667,5.261733333333334,4.371618270025428,4.0331078,-0.8520410909016927
2007-11-22 20:15:00,2.9304,3.1810666666666667,3.135267359882753,2.7441323,0.18626771965026867
2007-11-22 20:30:00,4.0356,2.9304,2.964619110242266,2.9725528,1.0630472236633297
2007-11-22 20:45:00,2.9262666666666663,4.0356,4.2030177440187835,3.7457783,-0.8195116555531823
2007-11-22 21:00:00,2.7034666666666665,2.9262666666666663,2.9033318367062604,2.6841908,0.01927591654459615
2007-11-22 21:15:00,2.6326666666666667,2.7034666666666665,2.5503519738941094,2.4667835,0.1658831431070964
2007-11-22 21:30:00,2.2614666666666663,2.6326666666666667,2.518796305536482,2.385347,-0.12388022282918332
2007-11-22 21:45:00,3.4504,2.2614666666666663,2.075701936797976,2.022965,1.4274350456237794
2007-11-22 22:00:00,2.544666666666666,3.4504,2.858935254156722,2.4631193,0.08154739824930779
2007-11-22 22:15:00,2.3384,2.544666666666666,2.37811203658013,2.1205854,0.21781455841064457
2007-11-22 22:30:00,1.8942666666666668,2.3384,2.3029056138601147,2.0365264,-0.14225977490742991
2007-11-22 22:45:00,0.8148000000000001,1.8942666666666668,1.6588621360206324,1.5596323,-0.7448323013305663
2007-11-22 23:00:00,1.639066666666667,0.8148000000000001,0.9347480852733088,0.68239987,0.956666797701518
2007-11-22 23:15:00,1.0222666666666669,1.639066666666667,1.7767610547897896,1.5408788,-0.5186121060689288
2007-11-22 23:30:00,0.3996,1.0222666666666669,0.9802535041735403,0.85656255,-0.4569625548362732
2007-11-22 23:45:00,0.252,0.3996,0.4828725164411338,0.4813626,-0.22936261105537414
2007-11-23 00:00:00,0.3205333333333333,0.252,0.29081165779080703,0.29261267,0.027920661481221465
2007-11-23 00:15:00,0.2855999999999999,0.3205333333333333,0.29566569881634885,0.29395962,-0.008359617614746184
2007-11-23 00:30:00,0.2622666666666667,0.2855999999999999,0.29868785080525995,0.28940392,-0.027137248738606734
2007-11-23 00:45:00,0.31,0.2622666666666667,0.3008571958316023,0.30173755,0.00826245307922363
2007-11-23 01:00:00,0.2944,0.31,0.2978925046446139,0.28953877,0.004861229085922236
2007-11-23 01:15:00,0.3366666666666666,0.2944,0.304598370945015,0.29646844,0.040198229948679554
2007-11-23 01:30:00,0.2764,0.3366666666666666,0.30554416988961747,0.3022519,-0.02585190520286562
2007-11-23 01:45:00,0.2561333333333333,0.2764,0.30600012977094637,0.29424217,-0.03810884009997051
2007-11-23 02:00:00,0.3176,0.2561333333333333,0.3039203741049375,0.29773915,0.01986085186004638
2007-11-23 02:15:00,0.2573333333333333,0.3176,0.3032718078497265,0.29801452,-0.040681188265482615
2007-11-23 02:30:00,0.2601333333333333,0.2573333333333333,0.30266936973232417,0.28964937,-0.02951603399912517
2007-11-23 02:45:00,0.3954666666666667,0.2601333333333333,0.30300422608443955,0.29466802,0.10079864784876508
2007-11-23 03:00:00,0.2557333333333333,0.3954666666666667,0.3073240148421017,0.3508468,-0.09511346389452618
2007-11-23 03:15:00,0.2873333333333333,0.2557333333333333,0.3058357304902484,0.29670575,-0.009372419277827004
2007-11-23 03:30:00,0.3167999999999999,0.2873333333333333,0.3037277677310555,0.2912065,0.025593491125106727
2007-11-23 03:45:00,0.226,0.3167999999999999,0.3058646747296316,0.29519877,-0.06919876837730407
2007-11-23 04:00:00,0.3102666666666666,0.226,0.29805790548787514,0.28269786,0.027568810240427566
2007-11-23 04:15:00,0.2884,0.3102666666666666,0.30404862544009215,0.28495905,0.0034409519672393696
2007-11-23 04:30:00,0.3062666666666667,0.2884,0.30554416988961747,0.2982065,0.008060158507029236
2007-11-23 04:45:00,0.3234666666666667,0.3062666666666667,0.2997879165360074,0.28894252,0.03452415081659954
2007-11-23 05:00:00,0.2692,0.3234666666666667,0.3087953006504185,0.29987046,-0.03067046122550965
2007-11-23 05:15:00,0.2222666666666666,0.2692,0.3059390802630666,0.30303973,-0.08077306292851771
2007-11-23 05:30:00,0.4073333333333334,0.2222666666666666,0.3023692875560696,0.28602785,0.12130548461278284
2007-11-23 05:45:00,1.9341333333333333,0.4073333333333334,0.37986145288432205,0.3877765,1.5463568393071492
2007-11-23 06:00:00,1.8954666666666664,1.9341333333333333,1.6928140432816168,1.7647778,0.1306888870875038
2007-11-23 06:15:00,3.1777333333333333,1.8954666666666664,1.6264874580460418,1.7363844,1.4413489415486653
2007-11-23 06:30:00,2.5324,3.1777333333333333,2.7343890043066867,2.516926,0.015473949813842758
2007-11-23 06:45:00,2.4442666666666666,2.5324,2.499116709424947,2.1453106,0.2989560263315836
2007-11-23 07:00:00,2.4630666666666667,2.4442666666666666,2.497978425444877,2.2540352,0.2090314322153728
2007-11-23 07:15:00,2.67,2.4630666666666667,2.4963334058085023,2.3124666,0.35753337860107415
2007-11-23 07:30:00,2.438933333333333,2.67,2.543049215926249,2.3065176,0.13241573232014936
2007-11-23 07:45:00,2.0324,2.438933333333333,2.475458731584008,2.2525947,-0.22019470939636232
2007-11-23 08:00:00,1.5670666666666666,2.0324,1.9534070108075392,1.8752635,-0.3081967858632406
2007-11-23 08:15:00,1.8692,1.5670666666666666,1.6022946121763406,1.6147234,0.2544765560150146
2007-11-23 08:30:00,1.6797333333333333,1.8692,1.9938660522710956,2.0016518,-0.3219184305826823
2007-11-23 08:45:00,1.3305333333333336,1.6797333333333333,1.7514209601874504,1.7405556,-0.4100223107020058
2007-11-23 09:00:00,1.3556,1.3305333333333336,1.3924991054476468,1.4047054,-0.04910540523529061
2007-11-23 09:15:00,1.3317333333333334,1.3556,1.374469884522832,1.3325871,-0.0008537895838418574
2007-11-23 09:30:00,1.3424000000000005,1.3317333333333334,1.36651867921272,1.3847715,-0.04237146625518751
2007-11-23 09:45:00,1.3844,1.3424000000000005,1.3437528247477055,1.3669351,0.01746486606597908
2007-11-23 10:00:00,1.3269333333333333,1.3844,1.3843116157397943,1.35875,-0.031816652361551956
2007-11-23 10:15:00,1.312,1.3269333333333333,1.3622115844572047,1.3284712,-0.016471183776855414
2007-11-23 10:30:00,1.334,1.312,1.3187608606469592,1.2967291,0.03727091217041023
2007-11-23 10:45:00,1.3104000000000002,1.334,1.3449782810498858,1.3108504,-0.0004503818511960578
2007-11-23 11:00:00,1.3253333333333337,1.3104000000000002,1.3103231217577769,1.300288,0.02504537137349483
2007-11-23 11:15:00,1.3830666666666669,1.3253333333333337,1.334090780578207,1.2952893,0.08777738863627138
2007-11-23 11:30:00,2.8765333333333336,1.3830666666666669,1.3614317790351864,1.3390552,1.537478152783712
2007-11-23 11:45:00,2.8432,2.8765333333333336,1.9179498981276744,1.5541718,1.2890281993865966
2007-11-23 12:00:00,4.108,2.8432,2.266907228802806,2.006624,2.101376016616821
2007-11-23 12:15:00,5.451866666666666,4.108,3.1561755637209137,2.9415827,2.5102839869181306
2007-11-23 12:30:00,4.115733333333333,5.451866666666666,4.184152016484218,4.3273077,-0.21157436777750682
2007-11-23 12:45:00,2.898133333333333,4.115733333333333,3.602592219410897,3.4396865,-0.5415532034556074
2007-11-23 13:00:00,2.0902666666666665,2.898133333333333,2.67140354312018,2.2490273,-0.15876058553059913
2007-11-23 13:15:00,4.8464,2.0902666666666665,1.9107594578520493,1.8773394,2.9690606369018555
2007-11-23 13:30:00,3.9682666666666666,4.8464,4.405192280321885,3.8206518,0.14761489702860509
2007-11-23 13:45:00,4.539466666666667,3.9682666666666666,3.5168155441473696,3.0049975,1.534469174830119
2007-11-23 14:00:00,1.8872,4.539466666666667,4.206961986777981,3.7655613,-1.87836134223938
2007-11-23 14:15:00,1.4265333333333332,1.8872,1.6777514988908826,1.5711396,-0.1446062407175701
2007-11-23 14:30:00,1.5194666666666667,1.4265333333333332,1.6267459521024452,1.6039469,-0.08448025754292798
2007-11-23 14:45:00,1.3794666666666666,1.5194666666666667,1.6622305742916657,1.7605358,-0.381069169553121
2007-11-23 15:00:00,1.4336,1.3794666666666666,1.4300098143452677,1.5656143,-0.13201434268951417
2007-11-23 15:15:00,1.4844000000000002,1.4336,1.5017328176108404,1.5223583,-0.037958298301696614
2007-11-23 15:30:00,1.4148,1.4844000000000002,1.5264221935875002,1.5718814,-0.15708141345977777
2007-11-23 15:45:00,1.3133333333333332,1.4148,1.432217728164215,1.441098,-0.12776464144388844
2007-11-23 16:00:00,1.455733333333333,1.3133333333333332,1.3477884865582928,1.3369669,0.1187664611180621
2007-11-23 16:15:00,1.3282666666666667,1.455733333333333,1.5218607140912994,1.5005784,-0.17231173680623368
2007-11-23 16:30:00,1.3325333333333331,1.3282666666666667,1.3857207090430126,1.3731188,-0.040585424868265996
2007-11-23 16:45:00,1.4528,1.3325333333333331,1.3675714128473464,1.3674784,0.08532162933349619
2007-11-23 17:00:00,1.0385333333333333,1.4528,1.5454518689476435,1.5021137,-0.4635803665796916
2007-11-23 17:15:00,0.2656,1.0385333333333333,0.8813001579270306,0.78579336,-0.5201933640480041
2007-11-23 17:30:00,0.5741333333333334,0.2656,0.3763151180598355,0.36142665,0.21270668185551966
2007-11-23 17:45:00,0.5805333333333333,0.5741333333333334,1.0040164704800747,0.84250337,-0.26197003552118936
2007-11-23 18:00:00,0.6449333333333332,0.5805333333333333,0.782969569344989,0.8919922,-0.24705887800852466
2007-11-23 18:15:00,0.9213333333333332,0.6449333333333332,0.8379980936686355,0.97742563,-0.056092301527659205
2007-11-23 18:30:00,1.9182666666666668,0.9213333333333332,1.3541977026823533,1.3912544,0.5270122416178387
2007-11-23 18:45:00,2.174,1.9182666666666668,1.8128940891896772,1.930764,0.24323604011535638
2007-11-23 19:00:00,2.9414666666666665,2.174,2.183033158052491,2.2537336,0.687733031717936
2007-11-23 19:15:00,3.1368,2.9414666666666665,2.749159414396451,2.7796159,0.35718412094116214
2007-11-23 19:30:00,2.0126666666666666,3.1368,3.068572633174655,2.8582273,-0.8455605862935385
2007-11-23 19:45:00,1.7818666666666667,2.0126666666666666,2.076307925267719,1.9594548,-0.17758810818990067
2007-11-23 20:00:00,1.8248,1.7818666666666667,1.8927242309947427,2.072818,-0.24801804084777834
2007-11-23 20:15:00,1.9486666666666663,1.8248,1.976463764198845,2.278674,-0.3300072205861413
2007-11-23 20:30:00,2.71,1.9486666666666663,2.011316295105713,2.1898856,0.5201143836975097
2007-11-23 20:45:00,5.167599999999999,2.71,2.5710369885939794,2.5734007,2.5941992641448968
2007-11-23 21:00:00,3.2968,5.167599999999999,4.138126229447948,4.2510304,-0.9542304450988768
2007-11-23 21:15:00,2.7514666666666665,3.2968,2.8957460176952363,2.7530808,-0.0016141782124838855
2007-11-23 21:30:00,2.8546666666666667,2.7514666666666665,2.539158913150812,2.4032476,0.45141907183329266
2007-11-23 21:45:00,2.106933333333333,2.8546666666666667,2.8475366053892173,2.8150344,-0.7081010561625165
2007-11-23 22:00:00,4.653866666666667,2.106933333333333,2.2675918466337914,2.252703,2.401163715235392
2007-11-23 22:15:00,5.312666666666667,4.653866666666667,4.67040477085425,3.772565,1.5401017786661786
2007-11-23 22:30:00,5.533066666666667,5.312666666666667,4.199041570315049,4.1851563,1.347910321299235
2007-11-23 22:45:00,3.3036000000000003,5.533066666666667,4.289886704987993,4.5004067,-1.196806742095947
2007-11-23 23:00:00,2.0792,3.3036000000000003,2.7027450634522943,2.8223944,-0.7431943710327147
2007-11-23 23:15:00,1.4433333333333331,2.0792,2.15621087039797,1.664078,-0.22074466387430847
2007-11-23 23:30:00,1.5533333333333337,1.4433333333333331,1.5407259921137024,1.4080976,0.14523570855458612
2007-11-23 23:45:00,3.033066666666667,1.5533333333333337,2.1157757590798694,1.9327185,1.1003481512705489
2007-11-24 00:00:00,1.0153333333333334,3.033066666666667,2.626401697972142,2.2303557,-1.2150224062601724
2007-11-24 00:15:00,1.6558666666666668,1.0153333333333334,0.8425468836071278,0.5728889,1.0829777558962506
2007-11-24 00:30:00,1.4706666666666668,1.6558666666666668,1.932380381967369,1.6817486,-0.21108196194966622
2007-11-24 00:45:00,1.3713333333333333,1.4706666666666668,1.3552541656239994,1.4115769,-0.04024353377024337
2007-11-24 01:00:00,0.8085333333333333,1.3713333333333333,1.340706535572307,1.217433,-0.40889964243570964
2007-11-24 01:15:00,0.2873333333333334,0.8085333333333333,0.5556164248722097,0.36119646,-0.07386312500635778
2007-11-24 01:30:00,1.3116,0.2873333333333334,0.29639417871155677,0.29242373,1.0191762748718263
2007-11-24 01:45:00,1.4193333333333331,1.3116,1.3276668242816805,1.1628796,0.2564537471135455
2007-11-24 02:00:00,0.7957333333333333,1.4193333333333331,1.301186170192996,1.1720212,-0.37628781725565597
2007-11-24 02:15:00,0.3429333333333333,0.7957333333333333,0.5774878553664035,0.30365896,0.03927437108357745
2007-11-24 02:30:00,0.2473333333333333,0.3429333333333333,0.30188279400871354,0.30568808,-0.05835474983851119
2007-11-24 02:45:00,0.3197333333333333,0.2473333333333333,0.2925384300049524,0.25719333,0.06254000638326007
2007-11-24 03:00:00,0.3322666666666666,0.3197333333333333,0.2998455595084722,0.2936324,0.0386342785517374
2007-11-24 03:15:00,0.3272,0.3322666666666666,0.3009531094477831,0.30185112,0.025348876428604117
2007-11-24 03:30:00,0.3369333333333333,0.3272,0.304598370945015,0.29703832,0.03989501660664874
2007-11-24 03:45:00,0.2944,0.3369333333333333,0.3069000310399879,0.2973732,-0.0029732054233551075
2007-11-24 04:00:00,0.2724,0.2944,0.30627508980442214,0.29133648,-0.018936476802825952
2007-11-24 04:15:00,0.3430666666666667,0.2724,0.30452445842106807,0.3031421,0.03992456609408063
2007-11-24 04:30:00,0.2658666666666666,0.3430666666666667,0.3044553227700928,0.30077857,-0.03491190112431852
2007-11-24 04:45:00,0.354,0.2658666666666666,0.3023485120232875,0.3044986,0.049501387119293194
2007-11-24 05:00:00,0.358,0.354,0.3580602550983674,0.30641025,0.05158974695205687
2007-11-24 05:15:00,0.2490666666666666,0.358,0.3493964890477331,0.33485603,-0.08578936665852871
2007-11-24 05:30:00,0.2972,0.2490666666666666,0.304053027971203,0.29969698,-0.0024969819068908494
2007-11-24 05:45:00,0.3415999999999999,0.2972,0.3060669787291987,0.28894272,0.05265727553367605
2007-11-24 06:00:00,0.2533333333333333,0.3415999999999999,0.5119377162457175,0.5647086,-0.311375257174174
2007-11-24 06:15:00,0.3776,0.2533333333333333,0.48775073777114725,0.52148515,-0.1438851498603821
2007-11-24 06:30:00,0.3414666666666666,0.3776,0.9453290239771869,0.7063517,-0.3648850307782492
2007-11-24 06:45:00,0.2376,0.3414666666666666,0.560449767360866,0.53423876,-0.2966387557029724
2007-11-24 07:00:00,0.3710666666666666,0.2376,0.4924529809794425,0.453422,-0.08235534327824917
2007-11-24 07:15:00,0.3548,0.3710666666666666,0.9460192921286977,0.7107439,-0.3559439041137695
2007-11-24 07:30:00,0.3133333333333333,0.3548,0.7071502095815463,0.565444,-0.2521106592814128
2007-11-24 07:45:00,2.8068,0.3133333333333333,0.5032288956524895,0.4811074,2.3256925862312317
2007-11-24 08:00:00,1.8692,2.8068,2.660121090404391,1.9705602,-0.10136019306182864
2007-11-24 08:15:00,1.5452,1.8692,1.7546238657963298,1.6871312,-0.14193116645812998
2007-11-24 08:30:00,1.671066666666667,1.5452,1.5243778108451795,1.5281309,0.1429357777277631
2007-11-24 08:45:00,1.715733333333333,1.671066666666667,1.818296450502194,1.8128119,-0.09707851816813173
2007-11-24 09:00:00,2.9470666666666667,1.715733333333333,1.8691278675257406,1.8829749,1.0640918036142986
2007-11-24 09:15:00,1.8730666666666669,2.9470666666666667,2.173482772292185,2.1108384,-0.2377717465718585
2007-11-24 09:30:00,1.7746666666666664,1.8730666666666669,1.8037150612146076,1.7281941,0.04647254912058485
2007-11-24 09:45:00,1.4969333333333334,1.7746666666666664,1.839652475770588,1.8479882,-0.3510549145380655
2007-11-24 10:00:00,1.4254666666666669,1.4969333333333334,1.5903423223315583,1.7235831,-0.29811643555959044
2007-11-24 10:15:00,1.2998666666666667,1.4254666666666669,1.535583569846728,1.6581818,-0.3583151198705037
2007-11-24 10:30:00,1.4913333333333334,1.2998666666666667,1.3631351581511963,1.4611247,0.030208674748738673
2007-11-24 10:45:00,2.8307999999999995,1.4913333333333334,1.556699237056973,1.688822,1.1419779689788814
2007-11-24 11:00:00,5.356800000000001,2.8307999999999995,1.9681942724993917,1.7877146,3.5690853994369514
2007-11-24 11:15:00,3.69,5.356800000000001,3.812705728181164,3.5943,0.09569996833801264
2007-11-24 11:30:00,3.242266666666666,3.69,2.7656479390940865,2.917067,0.3251996157328283
2007-11-24 11:45:00,1.802533333333333,3.242266666666666,2.7138397195039556,2.5054734,-0.7029400419871015
2007-11-24 12:00:00,1.8321333333333332,1.802533333333333,1.8453689673613078,1.6127648,0.21936849797566715
2007-11-24 12:15:00,3.6182666666666665,1.8321333333333332,2.1212931721534503,2.174947,1.4433196432749429
2007-11-24 12:30:00,4.0416,3.6182666666666665,3.4250732261845434,3.245388,0.7962119689941405
2007-11-24 12:45:00,2.5318666666666667,4.0416,3.5983401190119575,3.593779,-1.0619124203999837
2007-11-24 13:00:00,1.8586666666666667,2.5318666666666667,2.4556781186013668,2.1649737,-0.3063070691426595
2007-11-24 13:15:00,1.7310666666666668,1.8586666666666667,1.8399374628828447,1.834901,-0.1038343085606892
2007-11-24 13:30:00,3.172533333333333,1.7310666666666668,1.9893178555069455,1.8786398,1.293893516095479
2007-11-24 13:45:00,1.5082666666666666,3.172533333333333,3.557967732785765,2.6369696,-1.1287028996785482
2007-11-24 14:00:00,1.5241333333333336,1.5082666666666666,1.6313310350317678,1.5345558,-0.010422459475199153
2007-11-24 14:15:00,1.43,1.5241333333333336,1.6095457907777617,1.7465782,-0.31657821655273444
2007-11-24 14:30:00,1.4910666666666663,1.43,1.5752444683180915,1.6214354,-0.13036873715718622
2007-11-24 14:45:00,2.252666666666667,1.4910666666666663,1.633144897229071,1.7318692,0.5207974459330242
2007-11-24 15:00:00,2.6526666666666667,2.252666666666667,2.0808820732717614,1.8836341,0.7690325762430827
2007-11-24 15:15:00,1.4545333333333332,2.6526666666666667,2.3129288600496367,2.0786154,-0.6240820936838787
2007-11-24 15:30:00,1.3574666666666666,1.4545333333333332,1.466795793543882,1.4432147,-0.08574798825581875
2007-11-24 15:45:00,1.4114666666666666,1.3574666666666666,1.41102863040028,1.4980905,-0.08662383893330894
2007-11-24 16:00:00,1.38,1.4114666666666666,1.5333362794555925,1.6996055,-0.31960546493530284
2007-11-24 16:15:00,1.3210666666666668,1.38,1.4491540196016572,1.5923105,-0.2712438811620075
2007-11-24 16:30:00,1.4530666666666667,1.3210666666666668,1.3651128639924082,1.4200352,0.033031423632303936
2007-11-24 16:45:00,1.344,1.4530666666666667,1.5235329485935845,1.5194091,-0.17540906047821037
2007-11-24 17:00:00,1.3670666666666669,1.344,1.3864545399339105,1.4266509,-0.059584215100606075
2007-11-24 17:15:00,1.3869333333333336,1.3670666666666669,1.3916951933644008,1.4293257,-0.042392366472879806
2007-11-24 17:30:00,1.2692,1.3869333333333336,1.3940668389749806,1.3814037,-0.11220368461608876
2007-11-24 17:45:00,1.364666666666667,1.2692,1.2591704320565624,1.297017,0.06764968840281194
2007-11-24 18:00:00,1.3485333333333334,1.364666666666667,1.3793523809340584,1.4763845,-0.12785118719736732
2007-11-24 18:15:00,1.342666666666667,1.3485333333333334,1.3623244445563367,1.4468304,-0.1041637252171832
2007-11-24 18:30:00,1.4081333333333332,1.342666666666667,1.3377906426811748,1.4691106,-0.060977274767557876
2007-11-24 18:45:00,1.3054666666666668,1.4081333333333332,1.500120025115832,1.5780143,-0.27254758790334055
2007-11-24 19:00:00,1.1274666666666666,1.3054666666666668,1.4616055338251792,1.4701396,-0.34267295602162684
2007-11-24 19:15:00,0.2470666666666666,1.1274666666666666,1.1788273579133517,1.0620846,-0.815017888959249
2007-11-24 19:30:00,0.2985333333333333,0.2470666666666666,0.3834536581029249,0.35159162,-0.05305828353563946
2007-11-24 19:45:00,0.304,0.2985333333333333,0.3845183075939231,0.43786642,-0.13386641955375672
2007-11-24 20:00:00,0.3018666666666666,0.304,0.400913751473596,0.42630744,-0.12444077313741053
2007-11-24 20:15:00,1.86,0.3018666666666666,0.3620755214829127,0.4346135,1.4253865039348603
2007-11-24 20:30:00,2.2236,1.86,1.7790478398084533,1.993672,0.22992798671722392
2007-11-24 20:45:00,1.3925333333333334,2.2236,2.1896414834398072,2.2424266,-0.8498933005015055
2007-11-24 21:00:00,1.652,1.3925333333333334,1.4266337301465268,1.3771279,0.27487211418151847
2007-11-24 21:15:00,2.772533333333333,1.652,1.9832696387909883,2.1285985,0.6439348817189532
2007-11-24 21:30:00,2.1378666666666666,2.772533333333333,2.61199889352666,2.595798,-0.45793134892781584
2007-11-24 21:45:00,1.0386666666666666,2.1378666666666666,2.000799358157698,2.0544446,-1.0157778848012289
2007-11-24 22:00:00,0.3086666666666666,1.0386666666666666,1.0618332555638053,0.91567886,-0.6070121920903524
2007-11-24 22:15:00,0.2741333333333333,0.3086666666666666,0.4805644074909757,0.41167325,-0.13753991448084518
2007-11-24 22:30:00,0.3848,0.2741333333333333,0.4353016493657784,0.40201828,-0.017218278837204004
2007-11-24 22:45:00,0.2458666666666666,0.3848,0.5335737739021461,0.5357773,-0.28991060412724823
2007-11-24 23:00:00,0.2785333333333333,0.2458666666666666,0.3541909574466222,0.3024468,-0.02391347905794783
2007-11-24 23:15:00,0.4128,0.2785333333333333,0.3505262614593125,0.33339953,0.07940046577453613
2007-11-24 23:30:00,0.2446666666666666,0.4128,0.5507348317566025,0.42101845,-0.17635178478558866
2007-11-24 23:45:00,0.3133333333333333,0.2446666666666666,0.3475742040916688,0.3260761,-0.01274275700251265
2007-11-25 00:00:00,0.304,0.3133333333333333,0.3435798721614817,0.31614497,-0.012144973039627083
2007-11-25 00:15:00,0.2461333333333333,0.304,0.3238946047509892,0.31383795,-0.0677046121279399
2007-11-25 00:30:00,0.3097333333333333,0.2461333333333333,0.315820452213599,0.3170951,-0.0073617675463358845
2007-11-25 00:45:00,0.3038666666666667,0.3097333333333333,0.32026638156072784,0.29659972,0.007266950718561815
2007-11-25 01:00:00,0.3322666666666666,0.3038666666666667,0.32253874360061874,0.30159873,0.030667938963572117
2007-11-25 01:15:00,0.2757333333333333,0.3322666666666666,0.32522183050215436,0.30257794,-0.026844609276453713
2007-11-25 01:30:00,0.2705333333333333,0.2757333333333333,0.31235242747427444,0.29283917,-0.02230583616892501
2007-11-25 01:45:00,0.308,0.2705333333333333,0.32045898793460986,0.30286944,0.005130560874938961
2007-11-25 02:00:00,0.2450666666666666,0.308,0.3215033872902624,0.30159873,-0.05653206103642788
2007-11-25 02:15:00,0.2888,0.2450666666666666,0.3191370405448935,0.29300106,-0.0042010557174682606
2007-11-25 02:30:00,0.3852,0.2888,0.30962410555305464,0.29716697,0.08803302664756774
2007-11-25 02:45:00,0.2504,0.3852,0.30990840670953745,0.3482018,-0.09780181131362914
2007-11-25 03:00:00,0.3136,0.2504,0.30973599250745304,0.29530275,0.018297251319885244
2007-11-25 03:15:00,0.2942666666666667,0.3136,0.3136630536049608,0.2915997,0.0026669757525126236
2007-11-25 03:30:00,0.2341333333333333,0.2942666666666667,0.313252328743316,0.29267552,-0.05854219161669416
2007-11-25 03:45:00,0.3326666666666666,0.2341333333333333,0.30532585617511,0.29339913,0.0392675413290659
2007-11-25 04:00:00,0.2802666666666666,0.3326666666666666,0.3127631523359192,0.29584688,-0.015580212815602679
2007-11-25 04:15:00,0.3082666666666666,0.2802666666666666,0.31235242747427444,0.2967204,0.011546281115213941
2007-11-25 04:30:00,0.3450666666666667,0.3082666666666666,0.3108611112825892,0.29935163,0.04571503407160443
2007-11-25 04:45:00,0.2469333333333333,0.3450666666666667,0.31248038408948087,0.29825428,-0.051320947949091617
2007-11-25 05:00:00,0.2318666666666667,0.2469333333333333,0.31122532519532903,0.3126614,-0.08079474271138506
2007-11-25 05:15:00,0.3617333333333333,0.2318666666666667,0.31076419076284983,0.29676902,0.06496431039174394
2007-11-25 05:30:00,0.2316,0.3617333333333333,0.42185059568310357,0.32729602,-0.09569601860046387
2007-11-25 05:45:00,0.2808,0.2316,0.30984993798170707,0.30180693,-0.021006926727294928
2007-11-25 06:00:00,0.4076,0.2808,0.40972465514843526,0.42739585,-0.01979585041999815
2007-11-25 06:15:00,1.2716,0.4076,0.7170264249265493,0.56233543,0.7092645684242249
2007-11-25 06:30:00,1.3796,1.2716,1.3114733924450153,1.3852346,-0.005634594345092836
2007-11-25 06:45:00,1.3432,1.3796,1.0895789733620225,1.2259533,0.11724665946960444
2007-11-25 07:00:00,0.2262666666666666,1.3432,1.4304182084279586,1.421129,-1.1948623215993246
2007-11-25 07:15:00,0.2869333333333334,0.2262666666666666,0.5737081689553881,0.36220446,-0.07527112895647681
2007-11-25 07:30:00,0.3634666666666666,0.2869333333333334,0.3760322957916113,0.3611729,0.002293752161661722
2007-11-25 07:45:00,0.2561333333333333,0.3634666666666666,0.6999173474069154,0.565782,-0.309648677221934
2007-11-25 08:00:00,0.3109333333333333,0.2561333333333333,0.36594832408480854,0.38831872,-0.07738538414637253
2007-11-25 08:15:00,0.2914666666666666,0.3109333333333333,0.36186253492035353,0.40461516,-0.11314849713643399
2007-11-25 08:30:00,0.2308,0.2914666666666666,0.3606402263825118,0.4179568,-0.18715679926872253
2007-11-25 08:45:00,0.3142666666666667,0.2308,0.3487447647558366,0.42504913,-0.11078245948155718
2007-11-25 09:00:00,0.6152,0.3142666666666667,0.34729426371773614,0.37984043,0.23535956640243527
2007-11-25 09:15:00,0.8918666666666667,0.6152,1.6523509016663254,1.2747194,-0.38285269082387285
2007-11-25 09:30:00,0.7949333333333333,0.8918666666666667,1.1363598361430338,1.2779443,-0.48301099306742357
2007-11-25 09:45:00,0.7629333333333334,0.7949333333333333,0.9481330587619791,0.95929945,-0.19636611181894936
2007-11-25 10:00:00,0.6997333333333333,0.7629333333333334,0.9493349522217325,0.9098809,-0.21014754320780438
2007-11-25 10:15:00,0.4349333333333333,0.6997333333333333,0.8937013755081163,0.9075761,-0.4726427508036296
2007-11-25 10:30:00,0.4274666666666666,0.4349333333333333,0.5341798353405742,0.555939,-0.12847235205968227
2007-11-25 10:45:00,0.4988,0.4274666666666666,0.5219288484812314,0.5632346,-0.06443462724685667
2007-11-25 11:00:00,0.4784,0.4988,0.6145161570647577,0.6288112,-0.15041118059158326
2007-11-25 11:15:00,0.4350666666666666,0.4784,0.5961117691261784,0.64886457,-0.21379790061314907
2007-11-25 11:30:00,0.4982666666666667,0.4350666666666666,0.545159866768403,0.55268425,-0.054417580827077205
2007-11-25 11:45:00,0.6073333333333333,0.4982666666666667,0.6145001421728267,0.63832825,-0.030994920889536592
2007-11-25 12:00:00,1.592666666666667,0.6073333333333333,0.950052119702237,1.0235347,0.569132011095683
2007-11-25 12:15:00,3.149733333333333,1.592666666666667,1.7923981090594028,1.7499939,1.3997394130071
2007-11-25 12:30:00,3.9276,3.149733333333333,2.640173956497877,2.0327923,1.894807670211792
2007-11-25 12:45:00,2.2670666666666666,3.9276,3.0793489418082447,2.8969398,-0.6298730878194174
2007-11-25 13:00:00,1.4790666666666668,2.2670666666666666,1.9510923963107216,1.8539491,-0.3748824033101399
2007-11-25 13:15:00,1.3605333333333334,1.4790666666666668,1.6303623856270442,1.5004333,-0.13989999243418372
2007-11-25 13:30:00,1.4186666666666667,1.3605333333333334,1.5149028675587481,1.6139201,-0.1952534259160359
2007-11-25 13:45:00,1.3841333333333334,1.4186666666666667,1.6333488773377964,1.6713746,-0.2872412260691324
2007-11-25 14:00:00,1.2909333333333337,1.3841333333333334,1.44507193144952,1.600629,-0.3096956387201941
2007-11-25 14:15:00,1.4682666666666668,1.2909333333333337,1.3391351416788349,1.3951656,0.07310110403696712
2007-11-25 14:30:00,1.3742666666666667,1.4682666666666668,1.5265172396215834,1.520736,-0.14646931241353345
2007-11-25 14:45:00,1.3401333333333334,1.3742666666666667,1.4930001484363689,1.473992,-0.1338586567560831
2007-11-25 15:00:00,1.3928,1.3401333333333334,1.4465290822512136,1.4886088,-0.09580883712768551
2007-11-25 15:15:00,1.310533333333333,1.3928,1.458326284551066,1.4372582,-0.1267249102274579
2007-11-25 15:30:00,0.2758666666666666,1.310533333333333,1.4029210113971715,1.413352,-1.1374853459676109
2007-11-25 15:45:00,0.2913333333333333,0.2758666666666666,0.39050447490598744,0.36924958,-0.07791624895731614
2007-11-25 16:00:00,0.3396,0.2913333333333333,0.3840181968749188,0.384257,-0.04465698876380919
2007-11-25 16:15:00,0.3017333333333333,0.3396,0.4065843621967386,0.4538779,-0.15214456273714705
2007-11-25 16:30:00,0.2618666666666666,0.3017333333333333,0.34598765922914554,0.36583152,-0.10396485746701567
2007-11-25 16:45:00,0.2638666666666666,0.2618666666666666,0.3426797156433814,0.369089,-0.10522234071095793
2007-11-25 17:00:00,0.316,0.2638666666666666,0.3458173517647349,0.38910535,-0.07310534977912903
2007-11-25 17:15:00,0.2357333333333333,0.316,0.34893875759457615,0.4182842,-0.18255087424914046
2007-11-25 17:30:00,0.3334666666666666,0.2357333333333333,0.33696933855700145,0.37189883,-0.03843216327031462
2007-11-25 17:45:00,0.3338666666666666,0.3334666666666666,0.3503395566211012,0.39560366,-0.06173699010213224
2007-11-25 18:00:00,0.7066666666666667,0.3338666666666666,0.3724248075697149,0.48784214,0.21882452408472697
2007-11-25 18:15:00,1.7244,0.7066666666666667,1.196352951338381,1.3052093,0.41919072093963616
2007-11-25 18:30:00,2.5281333333333333,1.7244,1.9116822172694234,1.9146936,0.6134397393544515
2007-11-25 18:45:00,3.4317333333333333,2.5281333333333333,2.4621805939575037,2.3980477,1.0336856477101644
2007-11-25 19:00:00,3.605333333333333,3.4317333333333333,3.0655074219901657,3.0120983,0.5932350209554031
2007-11-25 19:15:00,3.4560000000000004,3.605333333333333,2.9894631019507045,2.9647243,0.4912756977081303
2007-11-25 19:30:00,1.9857333333333331,3.4560000000000004,2.8765564209384293,2.929892,-0.944158729807536
2007-11-25 19:45:00,2.7909333333333333,1.9857333333333331,1.989629927457307,1.9684353,0.8224980458577473
2007-11-25 20:00:00,3.7721333333333336,2.7909333333333333,2.8896081513299725,2.8549356,0.9171976872762047
2007-11-25 20:15:00,4.2004,3.7721333333333336,3.3696232670797412,3.1497338,1.050666218185425
2007-11-25 20:30:00,4.241466666666667,4.2004,3.750925902401642,3.6046042,0.636862422434489
2007-11-25 20:45:00,2.1082666666666667,4.241466666666667,3.514129890020734,3.365288,-1.2570213525136311
2007-11-25 21:00:00,1.6504,2.1082666666666667,2.005359528193539,1.8928727,-0.2424726911544799
2007-11-25 21:15:00,1.4132,1.6504,1.6316144232490901,1.8700516,-0.45685162239074706
2007-11-25 21:30:00,1.2586666666666666,1.4132,1.6806447761681431,1.6990371,-0.440370408376058
2007-11-25 21:45:00,2.8316,1.2586666666666666,1.3691489485801196,1.4571073,1.3744926944732665
2007-11-25 22:00:00,0.5559999999999999,2.8316,2.677336130375931,2.3209586,-1.7649586143493652
2007-11-25 22:15:00,0.3819999999999999,0.5559999999999999,0.7196320323032528,0.5534638,-0.17146381664276134
2007-11-25 22:30:00,0.4084,0.3819999999999999,0.5315659017882991,0.44919726,-0.040797262525558486
2007-11-25 22:45:00,0.2913333333333333,0.4084,0.5046357717374207,0.4170648,-0.12573145262400315
2007-11-25 23:00:00,0.3462666666666666,0.2913333333333333,0.4356334723060597,0.3556041,-0.0093374454816183
2007-11-25 23:15:00,0.2818666666666666,0.3462666666666666,0.42314493102864936,0.39945507,-0.11758840382893887
2007-11-25 23:30:00,0.2377333333333333,0.2818666666666666,0.4119772700515105,0.36334333,-0.12560999490420027
2007-11-25 23:45:00,0.3325333333333333,0.2377333333333333,0.37908531108545895,0.32771513,0.0048182046731312655
2007-11-26 00:00:00,0.2504,0.3325333333333333,0.3032718078497265,0.29460147,-0.044201470232009876
2007-11-26 00:15:00,0.3310666666666667,0.2504,0.30123243629344754,0.29440334,0.036663322273890186
2007-11-26 00:30:00,0.3130666666666666,0.3310666666666667,0.30404862544009215,0.2925435,0.02052316600481663
2007-11-26 00:45:00,0.2529333333333333,0.3130666666666666,0.3069000310399879,0.29384622,-0.040912886444727625
2007-11-26 01:00:00,0.2906666666666667,0.2529333333333333,0.3037351870572137,0.29440334,-0.003736677726109805
2007-11-26 01:15:00,0.2708,0.2906666666666667,0.3032718078497265,0.29023343,-0.019433433246612564
2007-11-26 01:30:00,0.2553333333333333,0.2708,0.30251861527900614,0.29440334,-0.03907001105944319
2007-11-26 01:45:00,0.3269333333333333,0.2553333333333333,0.3039203741049375,0.29190418,0.03502915209134416
2007-11-26 02:00:00,0.3149333333333333,0.3269333333333333,0.3032718078497265,0.2914719,0.023461434777577672
2007-11-26 02:15:00,0.2829333333333333,0.3149333333333333,0.306320987479983,0.29561463,-0.012681296650568663
2007-11-26 02:30:00,0.304,0.2829333333333333,0.30600012977094637,0.29440334,0.009596655607223503
2007-11-26 02:45:00,0.2318666666666667,0.304,0.3058646747296316,0.29349944,-0.061632773288091
2007-11-26 03:00:00,0.3053333333333333,0.2318666666666667,0.30042939540348124,0.27931944,0.026013897975285805
2007-11-26 03:15:00,0.2712,0.3053333333333333,0.3032718078497265,0.2876716,-0.016471595811843875
2007-11-26 03:30:00,0.4370666666666666,0.2712,0.3049557304152938,0.29201344,0.14505323011080418
2007-11-26 03:45:00,1.4565333333333332,0.4370666666666666,0.5327175999122787,0.5229798,0.9335535374005635
2007-11-26 04:00:00,1.3249333333333333,1.4565333333333332,1.6378156344933155,1.3420817,-0.01714833265940352
2007-11-26 04:15:00,0.5285333333333333,1.3249333333333333,0.8303373987907718,0.81884927,-0.29031593224207564
2007-11-26 04:30:00,0.3573333333333333,0.5285333333333333,0.3284955093483375,0.24033739,0.11699594660600021
2007-11-26 04:45:00,0.2214666666666666,0.3573333333333333,0.3140457281058965,0.32140785,-0.09994118789037076
2007-11-26 05:00:00,0.2401333333333333,0.2214666666666666,0.28969454277855106,0.26680174,-0.02666841136614484
2007-11-26 05:15:00,0.4082666666666666,0.2401333333333333,0.29575564348580796,0.25112686,0.15713981105486546
2007-11-26 05:30:00,0.2337333333333333,0.4082666666666666,0.43044730724350616,0.3921959,-0.15846257688204451
2007-11-26 05:45:00,0.2690666666666667,0.2337333333333333,0.30408692860499265,0.28648996,-0.017423296864827464
2007-11-26 06:00:00,0.3197333333333333,0.2690666666666667,0.4800238100783809,0.5739211,-0.2541877510706584
2007-11-26 06:15:00,0.2244,0.3197333333333333,0.47842165623921545,0.5955758,-0.3711758094787598
2007-11-26 06:30:00,1.024,0.2244,0.6056863572407366,0.59576434,0.4282356610298157
2007-11-26 06:45:00,3.082933333333333,1.024,1.3802151093474169,1.4017171,1.6812162665685015
2007-11-26 07:00:00,2.0650666666666666,3.082933333333333,2.5679867791221924,2.0664139,-0.001347212727864644
2007-11-26 07:15:00,2.2386666666666666,2.0650666666666666,1.8204827356529756,1.8169025,0.4217641483942667
2007-11-26 07:30:00,2.6228,2.2386666666666666,2.1364579752216124,1.9041545,0.7186454608917234
2007-11-26 07:45:00,2.2554666666666665,2.6228,2.414375251756334,2.1664617,0.08900496050516749
2007-11-26 08:00:00,1.4141333333333332,2.2554666666666665,1.9774525939709222,1.8311619,-0.4170285233179729
2007-11-26 08:15:00,1.3658666666666666,1.4141333333333332,1.568379520148586,1.4509621,-0.08509539998372406
2007-11-26 08:30:00,1.4570666666666665,1.3658666666666666,1.4173742406133345,1.5211728,-0.06410609525044775
2007-11-26 08:45:00,1.5692,1.4570666666666665,1.7616198271743813,1.6425203,-0.07332030849456794
2007-11-26 09:00:00,1.502133333333333,1.5692,1.7764646936115853,1.6882336,-0.1861002806345624
2007-11-26 09:15:00,1.5513333333333332,1.502133333333333,1.4954219785275564,1.5564833,-0.005149935404459738
2007-11-26 09:30:00,1.4785333333333337,1.5513333333333332,1.5653892568777232,1.5804018,-0.10186844488779667
2007-11-26 09:45:00,1.5129333333333332,1.4785333333333337,1.4980836368370556,1.429079,0.08385427754720043
2007-11-26 10:00:00,1.562,1.5129333333333332,1.4991300424857743,1.5508869,0.011113130569458063
2007-11-26 10:15:00,1.5086666666666666,1.562,1.5833121064329752,1.5819514,-0.07328471310933438
2007-11-26 10:30:00,1.5761333333333334,1.5086666666666666,1.4956888855454127,1.5203297,0.05580361951192225
2007-11-26 10:45:00,1.2456,1.5761333333333334,1.5675268753223346,1.6126164,-0.36701641979217525
2007-11-26 11:00:00,0.4154666666666667,1.2456,1.3090694953386472,1.2192451,-0.8037784095128377
2007-11-26 11:15:00,0.5112,0.4154666666666667,0.4876906537312078,0.43264627,0.0785537254333496
2007-11-26 11:30:00,0.4714666666666666,0.5112,0.5868102697098276,0.61422485,-0.14275818446477262
2007-11-26 11:45:00,1.5117333333333334,0.4714666666666666,0.5673104115817256,0.56879365,0.9429396788914999
2007-11-26 12:00:00,1.632,1.5117333333333334,1.6265586727164532,1.6335394,-0.0015394382476807689
2007-11-26 12:15:00,1.904,1.632,1.846046059168776,1.7025704,0.20142956161499015
2007-11-26 12:30:00,1.7578666666666665,1.904,1.8719899002223146,1.7458897,0.011977002970377404
2007-11-26 12:45:00,1.6292000000000002,1.7578666666666665,1.7420970334133934,1.6168602,0.012339848709106649
2007-11-26 13:00:00,1.3765333333333334,1.6292000000000002,1.7617053918319314,1.7033408,-0.3268074354807535
2007-11-26 13:15:00,1.3692,1.3765333333333334,1.3913848515716418,1.3319998,0.03720022125244138
2007-11-26 13:30:00,1.3865333333333334,1.3692,1.3873064234058696,1.3799559,0.0065774455388387665
2007-11-26 13:45:00,1.3394666666666668,1.3865333333333334,1.3973838943655505,1.4006683,-0.061201596768696964
2007-11-26 14:00:00,0.3690666666666666,1.3394666666666668,1.3669032754422816,1.3378006,-0.9687339553197225
2007-11-26 14:15:00,0.2737333333333333,0.3690666666666666,0.4670856625406358,0.36015004,-0.08641670586268113
2007-11-26 14:30:00,0.2298666666666666,0.2737333333333333,0.3746450733266161,0.31673217,-0.08686550153096523
2007-11-26 14:45:00,0.3498666666666666,0.2298666666666666,0.3501872577335395,0.31709123,0.032775440088907815
2007-11-26 15:00:00,0.2518666666666667,0.3498666666666666,0.3521202262808521,0.32088032,-0.06901365698178608
2007-11-26 15:15:00,0.3037333333333333,0.2518666666666667,0.3414634884925411,0.33491734,-0.031184003369013502
2007-11-26 15:30:00,0.3853333333333333,0.3037333333333333,0.34395400635250906,0.33127236,0.05406096967061358
2007-11-26 15:45:00,0.2298666666666666,0.3853333333333333,0.5393478576844603,0.42807123,-0.1982045639832815
2007-11-26 16:00:00,0.2678666666666666,0.2298666666666666,0.3285402752820691,0.29512963,-0.027262960322698038
2007-11-26 16:15:00,0.3484,0.2678666666666666,0.347874823320551,0.3038696,0.0445303949356079
2007-11-26 16:30:00,0.2237333333333333,0.3484,0.359669580123503,0.34574357,-0.12201023341814679
2007-11-26 16:45:00,0.2973333333333333,0.2237333333333333,0.3247936866301408,0.28346014,0.013873193105061798
2007-11-26 17:00:00,0.3786666666666666,0.2973333333333333,0.3551188704998983,0.33206043,0.04660624019304904
2007-11-26 17:15:00,0.4022666666666666,0.3786666666666666,0.5136514777965502,0.43815923,-0.035892560704549215
2007-11-26 17:30:00,0.6527999999999999,0.4022666666666666,0.5315646671138531,0.45922178,0.19357821969985956
2007-11-26 17:45:00,0.6427999999999999,0.6527999999999999,1.1171420483332701,1.0233816,-0.38058159084320076
2007-11-26 18:00:00,0.564,0.6427999999999999,0.8757784651593687,0.9223477,-0.3583477244377137
2007-11-26 18:15:00,0.6709333333333334,0.564,0.7583664035327264,0.85933155,-0.18839821488062536
2007-11-26 18:30:00,1.441466666666667,0.6709333333333334,0.9164021004155773,1.0917917,0.3496749176661176
2007-11-26 18:45:00,2.069333333333333,1.441466666666667,1.846767494611675,1.721029,0.34830429013570097
2007-11-26 19:00:00,2.8849333333333336,2.069333333333333,2.1758335030449865,2.2825131,0.6024201917012535
2007-11-26 19:15:00,3.7609333333333335,2.8849333333333336,3.068870692028056,2.7243602,1.0365731057484946
2007-11-26 19:30:00,2.691333333333333,3.7609333333333335,2.985300441702787,3.157918,-0.4665846430460614
2007-11-26 19:45:00,2.432533333333333,2.691333333333333,2.558101373387511,2.4711547,-0.038621356455485145
2007-11-26 20:00:00,3.4876,2.432533333333333,2.465816174565222,2.394811,1.092789085006714
2007-11-26 20:15:00,3.8488,3.4876,3.3757718581801286,3.4793532,0.36944681053161643
2007-11-26 20:30:00,3.3141333333333334,3.8488,3.6400800966683,3.6991313,-0.38499791704813635
2007-11-26 20:45:00,1.8657333333333332,3.3141333333333334,3.227915965783832,3.2593324,-1.3935990851084392
2007-11-26 21:00:00,1.8472,1.8657333333333332,1.6039620429062156,1.5855125,0.2616874811172485
2007-11-26 21:15:00,1.8390666666666664,1.8472,1.8377264993811002,1.8153479,0.02371875673929824
2007-11-26 21:30:00,2.1854666666666662,1.8390666666666664,1.810321916137472,1.8555136,0.32995309397379513
2007-11-26 21:45:00,3.7084,2.1854666666666662,2.378093919477165,2.245832,1.4625680335998537
2007-11-26 22:00:00,1.0925333333333334,3.7084,2.6678114944133284,2.4163015,-1.3237681555430094
2007-11-26 22:15:00,0.9566666666666668,1.0925333333333334,1.0254010280394106,0.925724,0.03094263712565115
2007-11-26 22:30:00,0.4954666666666666,0.9566666666666668,1.0939663247178386,0.9654441,-0.4699774213155111
2007-11-26 22:45:00,0.2664,0.4954666666666666,0.6145137703757451,0.608569,-0.34216902599334714
2007-11-26 23:00:00,0.3508,0.2664,0.4380160778857466,0.3739278,-0.023127801847457885
2007-11-26 23:15:00,0.2457333333333333,0.3508,0.3935012084641606,0.36777693,-0.12204359699885053
2007-11-26 23:30:00,0.3286666666666666,0.2457333333333333,0.37670590999763776,0.33189905,-0.0032323802312215766
2007-11-26 23:45:00,0.3629333333333333,0.3286666666666666,0.36407541119114417,0.35578966,0.007143671925862571
2007-11-27 00:00:00,0.7445333333333334,0.3629333333333333,0.3072656886762349,0.31768975,0.4268435867150625
2007-11-27 00:15:00,1.3952,0.7445333333333334,1.2512493445468644,0.9981624,0.3970376111984253
2007-11-27 00:30:00,0.9610666666666668,1.3952,1.3746654281828656,1.1137006,-0.1526339616139728
2007-11-27 00:45:00,0.2289333333333333,0.9610666666666668,0.4848933882860969,0.36675423,-0.1378209005037944
2007-11-27 01:00:00,0.3330666666666667,0.2289333333333333,0.29852785981759883,0.27145752,0.06160914355913799
2007-11-27 01:15:00,0.3593333333333333,0.3330666666666667,0.2976458524753152,0.29585582,0.06347751315434769
2007-11-27 01:30:00,0.2242666666666666,0.3593333333333333,0.3178994490409001,0.3119189,-0.08765224765141813
2007-11-27 01:45:00,0.3537333333333333,0.2242666666666666,0.2912261992164664,0.28604436,0.06768897412617997
2007-11-27 02:00:00,0.2513333333333333,0.3537333333333333,0.302226512246561,0.30093345,-0.04960011712710066
2007-11-27 02:15:00,0.2298666666666666,0.2513333333333333,0.30198193597819356,0.2957599,-0.065893219836553
2007-11-27 02:30:00,0.3745333333333333,0.2298666666666666,0.2994944969480313,0.28110954,0.09342379167874648
2007-11-27 02:45:00,0.2590666666666666,0.3745333333333333,0.3135053045177596,0.35054085,-0.0914741799195608
2007-11-27 03:00:00,0.2992,0.2590666666666666,0.30266936973232417,0.2887145,0.01048550171852114
2007-11-27 03:15:00,0.3513333333333334,0.2992,0.3037277677310555,0.28967112,0.06166221030553187
2007-11-27 03:30:00,0.2277333333333333,0.3513333333333334,0.3047952346161211,0.29799345,-0.07026011802355453
2007-11-27 03:45:00,0.2630666666666666,0.2277333333333333,0.2999909092999131,0.28902477,-0.025958103593190562
2007-11-27 04:00:00,0.3405333333333333,0.2630666666666666,0.302227408494074,0.29213935,0.04839398196538286
2007-11-27 04:15:00,0.2252,0.3405333333333333,0.30450881357926113,0.30106208,-0.07586207728385924
2007-11-27 04:30:00,0.3306666666666666,0.2252,0.30129289362436823,0.286832,0.04383466188112889
2007-11-27 04:45:00,0.3436,0.3306666666666666,0.3032718078497265,0.29193926,0.05166074142456056
2007-11-27 05:00:00,0.2244,0.3436,0.30684287808925204,0.31133366,-0.08693365631103517
2007-11-27 05:15:00,0.2973333333333333,0.2244,0.30212602741314337,0.28536123,0.011972102959950714
2007-11-27 05:30:00,0.2917333333333333,0.2973333333333333,0.3047111175788282,0.2942905,-0.002557179466883386
2007-11-27 05:45:00,0.2632,0.2917333333333333,0.30635853838315336,0.29289418,-0.029694184589385997
2007-11-27 06:00:00,1.4066666666666667,0.2632,0.5190126838349771,0.56913894,0.8375277225176494
2007-11-27 06:15:00,2.1774666666666667,1.4066666666666667,1.473273092547679,1.3826163,0.7948503851572672
2007-11-27 06:30:00,3.286,2.1774666666666667,2.213878363125609,1.9488033,1.3371966943740845
2007-11-27 06:45:00,2.8498666666666663,3.286,2.9214581977943315,2.8340316,0.015835084788004217
2007-11-27 07:00:00,2.7372,2.8498666666666663,2.7683706560070465,2.3480663,0.3891336700439454
2007-11-27 07:15:00,3.016,2.7372,2.4253418914425495,2.2294345,0.7865655097961426
2007-11-27 07:30:00,3.195733333333333,3.016,2.8083447311302585,2.7613869,0.43434646199544247
2007-11-27 07:45:00,3.2082666666666664,3.195733333333333,3.1790237482904256,2.9509957,0.25727098299662243
2007-11-27 08:00:00,2.567733333333333,3.2082666666666664,3.0359352863917564,2.7504745,-0.18274111963907913
2007-11-27 08:15:00,3.9864,2.567733333333333,2.3966937042503442,2.1528034,1.8335965789794924
2007-11-27 08:30:00,2.022,3.9864,3.140453420173825,3.1019921,-1.0799921302795412
2007-11-27 08:45:00,1.6913333333333334,2.022,1.7972080702582327,1.7208039,-0.029470523516337055
2007-11-27 09:00:00,1.7270666666666663,1.6913333333333334,1.7121461102474789,1.6337528,0.09331384379068974
2007-11-27 09:15:00,1.6017333333333332,1.7270666666666663,1.8736842447048934,1.867338,-0.26560460879007985
2007-11-27 09:30:00,1.4885333333333333,1.6017333333333332,1.8514022688506517,1.832503,-0.3439696278254192
2007-11-27 09:45:00,1.3692,1.4885333333333333,1.5916845775756019,1.6088032,-0.23960315303802493
2007-11-27 10:00:00,4.510533333333333,1.3692,1.3999309223225396,1.3296754,3.1808578973134356
2007-11-27 10:15:00,6.4042666666666666,4.510533333333333,3.177016668266485,3.143316,3.260950636164347
2007-11-27 10:30:00,3.9704,6.4042666666666666,4.510191121331487,4.2380857,-0.26768574676513657
2007-11-27 10:45:00,3.7072,3.9704,2.9315455032383566,2.8426232,0.8645767662048338
2007-11-27 11:00:00,4.486266666666666,3.7072,2.858015865894821,2.8627608,1.6235058844248451
2007-11-27 11:15:00,4.463733333333334,4.486266666666666,3.522582927936638,2.9038713,1.55986203549703
2007-11-27 11:30:00,4.586666666666667,4.463733333333334,3.813111675322738,3.0202985,1.566368185679118
2007-11-27 11:45:00,4.642133333333334,4.586666666666667,3.921447634283676,3.4122005,1.2299328824361169
2007-11-27 12:00:00,3.747866666666667,4.642133333333334,4.141472644230377,3.2479453,0.49992135798136417
2007-11-27 12:15:00,1.6446666666666665,3.747866666666667,3.2792761164300157,2.8530633,-1.2083966782887778
2007-11-27 12:30:00,1.9246666666666667,1.6446666666666665,1.6093291288474216,1.4124482,0.5122184988657634
2007-11-27 12:45:00,3.548,1.9246666666666667,2.3476721356664765,1.908236,1.639763973236084
2007-11-27 13:00:00,3.5824,3.548,3.5147278714532297,2.675422,0.9069780467987059
2007-11-27 13:15:00,3.3606666666666665,3.5824,3.3496478265698486,2.7841434,0.5765232187906899
2007-11-27 13:30:00,3.3684000000000003,3.3606666666666665,2.931489207802419,2.565605,0.8027950748443606
2007-11-27 13:45:00,3.136133333333333,3.3684000000000003,2.912609570250185,2.6693108,0.4668225251515703
2007-11-27 14:00:00,2.8212,3.136133333333333,2.766737038654301,2.4545379,0.3666621315002443
2007-11-27 14:15:00,1.5892000000000002,2.8212,2.8765978386759077,2.3023531,-0.7131531436920164
2007-11-27 14:30:00,1.4836,1.5892000000000002,1.5069708891067877,1.3625157,0.12108431205749515
2007-11-27 14:45:00,1.3889333333333334,1.4836,1.6314349155524406,1.6572189,-0.2682855997721354
2007-11-27 15:00:00,1.5129333333333332,1.3889333333333334,1.3669794184397785,1.4713974,0.04153593343098949
2007-11-27 15:15:00,1.4846666666666666,1.5129333333333332,1.7310853039643233,1.6182505,-0.13358382256825774
2007-11-27 15:30:00,1.396,1.4846666666666666,1.4908226768797241,1.5205218,-0.12452175998687753
2007-11-27 15:45:00,1.5338666666666667,1.396,1.3677312810781512,1.3354416,0.19842507731119796
2007-11-27 16:00:00,1.4117333333333333,1.5338666666666667,1.5454581044387103,1.5168821,-0.1051487286249797
2007-11-27 16:15:00,1.3809333333333336,1.4117333333333333,1.4099687015430344,1.3678508,0.013082552846273021
2007-11-27 16:30:00,1.4572,1.3809333333333336,1.3599206177885665,1.3293012,0.1278987619400025
2007-11-27 16:45:00,1.2909333333333337,1.4572,1.5056333188739262,1.4313037,-0.14037040621439578
2007-11-27 17:00:00,0.3208,1.2909333333333337,1.2786797633848583,1.2404099,-0.9196098510742188
2007-11-27 17:15:00,1.0554666666666668,0.3208,0.3957502400915321,0.33696732,0.71849934741656
2007-11-27 17:30:00,1.6857333333333335,1.0554666666666668,1.3415525833042354,1.2930418,0.3926915080388389
2007-11-27 17:45:00,1.895333333333333,1.6857333333333335,1.7985521016956476,1.8679844,0.02734891923268612
2007-11-27 18:00:00,2.1205333333333334,1.895333333333333,1.8667598111123689,1.8993171,0.22121618798573817
2007-11-27 18:15:00,2.639333333333333,2.1205333333333334,2.1559370094455144,2.1792235,0.4601097958882647
2007-11-27 18:30:00,2.724933333333333,2.639333333333333,2.5806266837438954,2.6133437,0.11158961766560838
2007-11-27 18:45:00,1.6154666666666666,2.724933333333333,2.503908713546486,2.4423745,-0.8269078011830648
2007-11-27 19:00:00,2.183066666666667,1.6154666666666666,1.6312485820849767,1.5826156,0.600451052729289
2007-11-27 19:15:00,2.632133333333333,2.183066666666667,2.325920884118624,2.287948,0.3441854401906328
2007-11-27 19:30:00,2.493866666666667,2.632133333333333,2.458073739110403,2.6634157,-0.16954900372823056
2007-11-27 19:45:00,2.667333333333333,2.493866666666667,2.5044996994639903,2.4073708,0.25996252759297667
2007-11-27 20:00:00,1.9770666666666663,2.667333333333333,2.64276623891829,2.5709503,-0.5938836030324304
2007-11-27 20:15:00,2.7697333333333334,1.9770666666666663,1.945119269297798,1.9649212,0.8048120972951254
2007-11-27 20:30:00,2.6372,2.7697333333333334,2.7302879503743807,2.7769232,-0.13972317962646486
2007-11-27 20:45:00,2.420133333333333,2.6372,2.66256914076211,2.6337833,-0.21365000712076876
2007-11-27 21:00:00,1.6844,2.420133333333333,2.461999959042509,2.3479836,-0.6635835987091065
2007-11-27 21:15:00,1.5154666666666663,1.6844,1.5258385758717716,1.6347526,-0.11928596452077267
2007-11-27 21:30:00,2.1242666666666667,1.5154666666666663,1.6199151876384967,1.8832535,0.2410132115046184
2007-11-27 21:45:00,4.708266666666666,2.1242666666666667,2.352626224716897,2.271152,2.4371146471659335
2007-11-27 22:00:00,4.138933333333333,4.708266666666666,3.902483991067933,3.6999774,0.43895593541463196
2007-11-27 22:15:00,2.8837333333333333,4.138933333333333,3.2449529917424145,3.3496237,-0.46589034678141283
2007-11-27 22:30:00,1.8648,2.8837333333333333,2.6954711453375677,2.4920032,-0.6272032024383545
2007-11-27 22:45:00,1.5963999999999998,1.8648,1.5468975437055377,1.3420676,0.25433240070343
2007-11-27 23:00:00,1.5295999999999998,1.5963999999999998,1.6579401609664595,1.5568749,-0.027274871253967437
2007-11-27 23:15:00,1.6181333333333332,1.5295999999999998,1.8757046238356545,1.6958077,-0.07767436205546074
2007-11-27 23:30:00,1.5297333333333334,1.6181333333333332,1.7928794538604087,1.6226,-0.09286662604014073
2007-11-27 23:45:00,0.9625333333333332,1.5297333333333334,1.5312092606560808,1.4766598,-0.5141264414469402
2007-11-28 00:00:00,0.4059999999999999,0.9625333333333332,0.6786636226281683,0.6759301,-0.26993008279800423
2007-11-28 00:15:00,0.3048,0.4059999999999999,0.3361322845464525,0.33395112,-0.029151115608215317
2007-11-28 00:30:00,0.3590666666666667,0.3048,0.29836991918636946,0.29830286,0.06076380759874983
2007-11-28 00:45:00,0.4569333333333333,0.3590666666666667,0.3174434891595712,0.3485688,0.10836453622182207
2007-11-28 01:00:00,0.2930666666666666,0.4569333333333333,0.48395603574786256,0.47943503,-0.18636835997899381
2007-11-28 01:15:00,0.3717333333333333,0.2930666666666666,0.3065892973643935,0.30948707,0.06224625871976214
2007-11-28 01:30:00,0.3549333333333333,0.3717333333333333,0.3278759887493471,0.36099485,-0.00606151229540508
2007-11-28 01:45:00,0.2927999999999999,0.3549333333333333,0.3142167613189902,0.3210728,-0.0282727870464326
2007-11-28 02:00:00,0.4077333333333333,0.2927999999999999,0.31658372962331177,0.30911198,0.09862135074933365
2007-11-28 02:15:00,0.4098666666666666,0.4077333333333333,0.3307417369080173,0.3557322,0.054134464136759375
2007-11-28 02:30:00,0.2926666666666666,0.4098666666666666,0.34087222946495166,0.36518803,-0.07252136572202056
2007-11-28 02:45:00,0.4176,0.2926666666666666,0.3065892973643935,0.3076239,0.1099761069774628
2007-11-28 03:00:00,0.3128,0.4176,0.3470572573925449,0.35959372,-0.04679371924400327
2007-11-28 03:15:00,0.2956,0.3128,0.3070452572457224,0.31707597,-0.021475967788696315
2007-11-28 03:30:00,0.4346666666666667,0.2956,0.3078414505086302,0.30292088,0.1317457887331645
2007-11-28 03:45:00,0.3610666666666667,0.4346666666666667,0.39686496811007566,0.4013137,-0.040247025664647385
2007-11-28 04:00:00,0.3308,0.3610666666666667,0.3181339783771585,0.33591205,-0.005112048816680925
2007-11-28 04:15:00,0.4109333333333333,0.3308,0.3079910561903248,0.31628668,0.09464665025075275
2007-11-28 04:30:00,0.2929333333333333,0.4109333333333333,0.3492847651869134,0.3541787,-0.06124536353747051
2007-11-28 04:45:00,0.3346666666666666,0.2929333333333333,0.30368107676911354,0.3065757,0.0280909809271494
2007-11-28 05:00:00,0.3864,0.3346666666666666,0.3059022256328019,0.32049242,0.0659075833797455
2007-11-28 05:15:00,0.3255999999999999,0.3864,0.3981062354214218,0.38662398,-0.06102397861480724
2007-11-28 05:30:00,0.4045333333333333,0.3255999999999999,0.32147300829110387,0.31744105,0.08709228709538774
2007-11-28 05:45:00,0.3702666666666667,0.4045333333333333,0.3927624479129351,0.3858397,-0.01557303403218585
2007-11-28 06:00:00,0.2894666666666666,0.3702666666666667,0.8634162242934035,0.8140921,-0.5246254329999289
2007-11-28 06:15:00,0.6564,0.2894666666666666,0.5642829291372018,0.7035824,-0.047182406044006364
2007-11-28 06:30:00,2.676,0.6564,1.265211102746389,1.3476771,1.3283228883743288
2007-11-28 06:45:00,3.4754666666666667,2.676,2.9722678611145184,1.9576403,1.5178263764063518
2007-11-28 07:00:00,2.570933333333333,3.4754666666666667,2.9239509042323264,2.7978625,-0.2269291964213056
2007-11-28 07:15:00,2.5808000000000004,2.570933333333333,2.849370208842781,2.2053957,0.37540430145263715
2007-11-28 07:30:00,2.552666666666666,2.5808000000000004,2.603757404034161,2.3427331,0.20993352190653436
2007-11-28 07:45:00,2.1992,2.552666666666666,2.483604551575201,2.2643995,-0.06519952850341815
2007-11-28 08:00:00,1.5373333333333334,2.1992,2.0954282761320444,1.8656725,-0.3283391358057657
2007-11-28 08:15:00,1.453733333333333,1.5373333333333334,1.4986104614915126,1.5396943,-0.08596097590128604
2007-11-28 08:30:00,1.5893333333333333,1.453733333333333,1.6073642356559794,1.6573471,-0.06801374975840258
2007-11-28 08:45:00,2.4402666666666666,1.5893333333333333,1.9179675283494664,1.7726451,0.6676215508143106
2007-11-28 09:00:00,2.9704,2.4402666666666666,2.3212453416024728,2.1944501,0.7759498600006105
2007-11-28 09:15:00,1.4566666666666666,2.9704,2.2112221413495683,2.054578,-0.5979113992055258
2007-11-28 09:30:00,1.5042666666666666,1.4566666666666666,1.4941295175270495,1.3272674,0.17699925829569496
2007-11-28 09:45:00,3.6726666666666663,1.5042666666666666,1.5813860933293775,1.6318712,2.0407954432169593
2007-11-28 10:00:00,1.3709333333333331,3.6726666666666663,2.753311231564893,2.4572697,-1.0863363352457684
2007-11-28 10:15:00,1.4606666666666668,1.3709333333333331,1.3282559017113058,1.4252894,0.0353772741953533
2007-11-28 10:30:00,1.4536,1.4606666666666668,1.7390259074006094,1.5403116,-0.08671157493591308
2007-11-28 10:45:00,1.3581333333333334,1.4536,1.719642447461402,1.5106891,-0.1525558060328165
2007-11-28 11:00:00,1.4525333333333337,1.3581333333333334,1.4656264683490958,1.4471025,0.005430786641439145
2007-11-28 11:15:00,1.4312,1.4525333333333337,1.5253549213759294,1.5063567,-0.07515671615600583
2007-11-28 11:30:00,1.3754666666666668,1.4312,1.4927686712293633,1.4176389,-0.04217223122914615
2007-11-28 11:45:00,1.2282666666666666,1.3754666666666668,1.427962945799767,1.3792057,-0.15093903706868494
2007-11-28 12:00:00,0.4231999999999999,1.2282666666666666,1.3950359699085206,1.2329855,-0.8097854965209962
2007-11-28 12:15:00,0.3087999999999999,0.4231999999999999,0.4943645843030921,0.37496245,-0.0661624490737916
2007-11-28 12:30:00,0.8859999999999999,0.3087999999999999,0.39575509482838794,0.3647436,0.5212564096450805
2007-11-28 12:45:00,0.3546666666666667,0.8859999999999999,1.287363538865587,1.2822788,-0.9276121095021566
2007-11-28 13:00:00,0.4504,0.3546666666666667,0.4234291999875965,0.37251723,0.07788277187347414
2007-11-28 13:15:00,0.4302666666666666,0.4504,0.6410543994579996,0.58261114,-0.1523444769223532
2007-11-28 13:30:00,0.3405333333333333,0.4302666666666666,0.5260258524695758,0.5116642,-0.17113087841669722
2007-11-28 13:45:00,0.3849333333333333,0.3405333333333333,0.4155213780303167,0.3895348,-0.004601467911402424
2007-11-28 14:00:00,0.4377333333333333,0.3849333333333333,0.538959875689878,0.47164825,-0.033914912716547674
2007-11-28 14:15:00,0.2998666666666666,0.4377333333333333,0.5612500263803429,0.5627095,-0.2628428436597189
2007-11-28 14:30:00,0.3429333333333333,0.2998666666666666,0.4199864992867737,0.35696062,-0.014027291123072327
2007-11-28 14:45:00,0.4125333333333333,0.3429333333333333,0.41670018768024164,0.3880317,0.02450164202054339
2007-11-28 15:00:00,0.3053333333333333,0.4125333333333333,0.5360977633226558,0.46806222,-0.16272888867060348
2007-11-28 15:15:00,0.4151999999999999,0.3053333333333333,0.4199864992867737,0.36369646,0.05150354404449453
2007-11-28 15:30:00,0.4328,0.4151999999999999,0.5323439249633637,0.46246278,-0.029662782859802228
2007-11-28 15:45:00,0.3007999999999999,0.4328,0.557176247207186,0.5035556,-0.20275559587478648
2007-11-28 16:00:00,0.3828,0.3007999999999999,0.4199864992867737,0.3611652,0.021634804296493504
2007-11-28 16:15:00,0.3704,0.3828,0.5417479869140023,0.46552035,-0.09512035212516784
2007-11-28 16:30:00,0.3268,0.3704,0.49443708053732033,0.43459725,-0.1077972537994385
2007-11-28 16:45:00,1.0521333333333334,0.3268,0.4216084803771318,0.38312897,0.6690043624718984
2007-11-28 17:00:00,1.094933333333333,1.0521333333333334,1.4368360211549447,1.4163314,-0.3213980770746869
2007-11-28 17:15:00,1.0062666666666666,1.094933333333333,1.7561320110064,1.0267354,-0.02046875832875572
2007-11-28 17:30:00,1.0913333333333337,1.0062666666666666,1.6881681973751994,1.0350583,0.05627507336934445
2007-11-28 17:45:00,1.1730666666666667,1.0913333333333337,1.513869037187287,1.2160562,-0.042989561017354294
2007-11-28 18:00:00,1.6066666666666665,1.1730666666666667,1.6233688320930688,1.3509618,0.25570486227671285
2007-11-28 18:15:00,1.9910666666666663,1.6066666666666665,1.8122317640727965,1.8820491,0.10901758295694952
2007-11-28 18:30:00,2.871733333333333,1.9910666666666663,2.067292390313942,2.1460903,0.7256430642445877
2007-11-28 18:45:00,2.571733333333333,2.871733333333333,2.831374692773352,2.7656152,-0.19388189150492385
2007-11-28 19:00:00,2.4304,2.571733333333333,2.461837953096005,2.3610446,0.06935535469055187
2007-11-28 19:15:00,1.3665333333333334,2.4304,2.4943149042970525,2.3869226,-1.0203892645517985
2007-11-28 19:30:00,2.0378666666666665,1.3665333333333334,1.3976847186414312,1.4394326,0.5984340456644692
2007-11-28 19:45:00,2.146,2.0378666666666665,2.360344583052686,2.321988,-0.17598810577392587
2007-11-28 20:00:00,2.4696,2.146,2.179796946970178,2.3088112,0.16078881225585917
2007-11-28 20:15:00,2.8121333333333336,2.4696,2.453809059818175,2.5089037,0.30322959149678574
2007-11-28 20:30:00,2.6754666666666664,2.8121333333333336,2.851991333909325,2.7794168,-0.10395013287862165
2007-11-28 20:45:00,1.8949333333333331,2.6754666666666664,2.5958513866013893,2.5441952,-0.6492618418375653
2007-11-28 21:00:00,3.0452,1.8949333333333331,1.7465541949130157,1.7422419,1.3029581405639648
2007-11-28 21:15:00,3.046266666666667,3.0452,2.8160148507949803,2.798538,0.2477286970774335
2007-11-28 21:30:00,2.481866666666667,3.046266666666667,2.855914589376935,2.7985415,-0.31667487920125303
2007-11-28 21:45:00,2.3336,2.481866666666667,2.336145143578434,2.319498,0.014101937866211056
2007-11-28 22:00:00,2.228533333333333,2.3336,2.3242647139522923,2.0563784,0.17215496877034475
2007-11-28 22:15:00,0.6268571428571429,2.228533333333333,2.096519412308333,1.8892616,-1.262404460498265
